category,rating,label,review_text,cleaned_review
Home_and_Kitchen_5,5.0,1,"Love this!  Well made, sturdy, and very comfortable.  I love it!Very pretty",love well made sturdy comfortable love itvery pretty
Home_and_Kitchen_5,5.0,1,"love it, a great upgrade from the original.  I've had mine for a couple of years",love great upgrade original ive mine couple years
Home_and_Kitchen_5,5.0,1,This pillow saved my back. I love the look and feel of this pillow.,pillow saved back love look feel pillow
Home_and_Kitchen_5,1.0,1,"Missing information on how to use it, but it is a great product for the price!  I",missing information use great product price
Home_and_Kitchen_5,5.0,1,Very nice set. Good quality. We have had the set for two months now and have not been,nice set good quality set two months
Home_and_Kitchen_5,3.0,1,I WANTED DIFFERENT FLAVORS BUT THEY ARE NOT.,wanted different flavors
Home_and_Kitchen_5,5.0,1,They are the perfect touch for me and the only thing I wish they had a little more space.,perfect touch thing wish little space
Home_and_Kitchen_5,3.0,1,These done fit well and look great.  I love the smoothness of the edges and the extra,done fit well look great love smoothness edges extra
Home_and_Kitchen_5,5.0,1,"Great big numbers & easy to read, the only thing I didn't like is the size of the",great big numbers easy read thing didnt like size
Home_and_Kitchen_5,5.0,1,My son loves this comforter and it is very well made.  We also have a baby,son loves comforter well made also baby
Home_and_Kitchen_5,5.0,1,As advertised. 5th one I've had. The only problem is that it's not really a,advertised th one ive problem really
Home_and_Kitchen_5,5.0,1,Very handy for one of my kids and the tools are included in the package. I have one in,handy one kids tools included package one
Home_and_Kitchen_5,5.0,1,"Did someone say, ""Oriental for $60""?  It is a great product for the",someone say oriental great product
Home_and_Kitchen_5,1.0,1,These are so flimsy! They are not the quality you would expect from a piece of furniture.,flimsy quality would expect piece furniture
Home_and_Kitchen_5,5.0,1,Makes may tea with out stirring. The only problem is that it's kind of hard to put,makes may tea stirring problem kind hard put
Home_and_Kitchen_5,5.0,1,Absolutely adorable! And excellent price. We have had the wooden ones for a few months now and they,absolutely adorable excellent price wooden ones months
Home_and_Kitchen_5,5.0,1,Love this!  Perfect size for an entire family!Very good quality.,love perfect size entire familyvery good quality
Home_and_Kitchen_5,5.0,1,These look beautiful and so nice. The only problem is that it's not really a mesh one.,look beautiful nice problem really mesh one
Home_and_Kitchen_5,5.0,1,Exactly what you would expect. I love the look and feel of this pillow.,exactly would expect love look feel pillow
Home_and_Kitchen_5,5.0,1,"10 Stars, I would highly recommend this item. We love this blanket.",stars would highly recommend item love blanket
Home_and_Kitchen_5,5.0,1,Great little egg masher.  We have had it for a few months now and it's been,great little egg masher months
Home_and_Kitchen_5,5.0,1,"As advertised.  Easy to use.  Love the colors.  Also, the dimensions are just",advertised easy use love colors also dimensions
Home_and_Kitchen_5,5.0,1,it is exactly as pictured. I love the look and feel of this pillow.,exactly pictured love look feel pillow
Home_and_Kitchen_5,5.0,1,"Fantastic, just what I wanted!!!  I love the look and feel of this pillow.",fantastic wanted love look feel pillow
Home_and_Kitchen_5,5.0,1,"Supposed to come with extra hardware. The only problem is that it's not really a vacuum,",supposed come extra hardware problem really vacuum
Home_and_Kitchen_5,5.0,1,Easy to use. Seems to be an easy way to make a smoothie for a small person.,easy use seems easy way make smoothie small person
Home_and_Kitchen_5,2.0,1,Not what I am accustomed to. The only reason I gave it 4 stars is because I just can,accustomed reason gave stars
Home_and_Kitchen_5,5.0,1,"Nice product & seller. Yes, it is a very thin plastic piece. However, the handle has",nice product seller yes thin plastic piece however handle
Home_and_Kitchen_5,5.0,1,So good we bought the second set and they look just like the first one. I am not sure,good bought second set look like first one sure
Home_and_Kitchen_5,5.0,1,Wonderful aroma throughout the house.  The only problem is that it's kind of hard to put,wonderful aroma throughout house problem kind hard put
Home_and_Kitchen_5,5.0,1,Received in no time flat.  I love the look.  My husband likes it too.,received time flat love look husband likes
Home_and_Kitchen_5,3.0,1,These are okay they are not as nice as the ones I got from my local store but they are,okay nice ones got local store
Home_and_Kitchen_5,3.0,1,gave them away - thought it would be a good addition to my kitchen!  I am very,gave away thought would good addition kitchen
Home_and_Kitchen_5,4.0,1,"Product is fine, wish it had an option to have a separate handle.",product fine wish option separate handle
Home_and_Kitchen_5,5.0,1,"Awesome is all I have to say, the materials are good, and the quality is decent.",awesome say materials good quality decent
Home_and_Kitchen_5,3.0,1,Way too heavy for everyday use. The only reason I gave it 4 stars is because the one we,way heavy everyday use reason gave stars one
Home_and_Kitchen_5,5.0,1,"Well made, works great.  We have had the wooden part of the cup for a couple of",well made works great wooden part cup couple
Home_and_Kitchen_5,5.0,1,Bought these to go with my old suction cups. I also love that they are removable and,bought go old suction cups also love removable
Home_and_Kitchen_5,5.0,1,Just as expected! Looks great and has the design to make it a nice place for the baby to,expected looks great design make nice place baby
Home_and_Kitchen_5,1.0,1,"Awful experience, everything stuck, cooked evenly. The only problem is that it's not really a",awful experience everything stuck cooked evenly problem really
Home_and_Kitchen_5,5.0,1,Does a great job of keeping the suction on. I also love that it doesn't slide.,great job keeping suction also love doesnt slide
Home_and_Kitchen_5,2.0,1,"SHEET COLOR IS NICE BUY FOR MY SIZE FOR MY TOWN.
",sheet color nice buy size town
Home_and_Kitchen_5,5.0,1,Save $ on these instead of the original shipping box. I will keep my money!Very pretty.,save instead original shipping box keep moneyvery pretty
Home_and_Kitchen_5,5.0,1,"These towels are real nice, and I love the feel of them.  They have a nice feel",towels real nice love feel nice feel
Home_and_Kitchen_5,5.0,1,"Works great, easy to clean, and easy to clean. I will be purchasing more!Very pretty",works great easy clean easy clean purchasing morevery pretty
Home_and_Kitchen_5,3.0,1,"Alright for the price,but was a little disappointed with the quality of the product.",alright pricebut little disappointed quality product
Home_and_Kitchen_5,4.0,1,"Great quality, beautiful color.  We have had the same one for a few months now and love",great quality beautiful color one months love
Home_and_Kitchen_5,1.0,1,I put paper in one corner of the cabinet and put a piece of paper in the other corner.,put paper one corner cabinet put piece paper corner
Home_and_Kitchen_5,5.0,1,Great stickers but a little small. The only reason I gave it 4 stars is because the one in,great stickers little small reason gave stars one
Home_and_Kitchen_5,5.0,1,Great quality and the fabric looks great.  It is thick enough to hold a small amount of coffee,great quality fabric looks great thick enough hold small amount coffee
Home_and_Kitchen_5,5.0,1,Perfect. They do exactly what I need them to do. I will keep them for a long time,perfect exactly need keep long time
Home_and_Kitchen_5,5.0,1,Love this movie & the time it took to finish. I will keep my review for the next time,love movie time took finish keep review next time
Home_and_Kitchen_5,1.0,1,"Will not seal properly. Atrocious little ones, they feel like they will break if you throw",seal properly atrocious little ones feel like break throw
Home_and_Kitchen_5,5.0,1,Got these for the third time.  I have a small dog and my son loves to throw them,got third time small dog son loves throw
Home_and_Kitchen_5,5.0,1,Excellent product and a much better quality than the one you get at Walmart for $50.,excellent product much better quality one get walmart
Home_and_Kitchen_5,5.0,0,"These are just perfect, exactly what I was looking for.",perfect exactly looking
Home_and_Kitchen_5,5.0,0,Such a great purchase can't beat it for the price,great purchase cant beat price
Home_and_Kitchen_5,5.0,0,What can you say--- cheap and it works as intended.,say cheap works intended
Home_and_Kitchen_5,5.0,0,"These are so nice, sturdy, like the color choices too.",nice sturdy like color choices
Home_and_Kitchen_5,5.0,0,It is nice bowl and have had a fast shipping!,nice bowl fast shipping
Home_and_Kitchen_5,5.0,0,Great cup. Will last forever. Keeps things cool / warm.,great cup last forever keeps things cool warm
Home_and_Kitchen_5,5.0,0,"Love them, just thought they would be a bit bigger!",love thought would bit bigger
Home_and_Kitchen_5,5.0,0,Excellent quality product. Perfect for my ccozinha.,excellent quality product perfect ccozinha
Home_and_Kitchen_5,5.0,0,This fan is really pretty and I actually use it.,fan really pretty actually use
Home_and_Kitchen_5,1.0,0,"Super rough, not soft wash cloths, more like bar towels",super rough soft wash cloths like bar towels
Home_and_Kitchen_5,5.0,0,Like this little guy. Use it often. He is small.,like little guy use often small
Home_and_Kitchen_5,5.0,0,Perfect size .easy to unfold. Topremoves for storage. Love this.,perfect size easy unfold topremoves storage love
Home_and_Kitchen_5,1.0,0,Does not do a very good job; difficult to use.,good job difficult use
Home_and_Kitchen_5,5.0,0,frame was beautifully crafted and looks great with my picture.,frame beautifully crafted looks great picture
Home_and_Kitchen_5,5.0,0,My hot cocoa is finally perfect! This product is fabulous,hot cocoa finally perfect product fabulous
Home_and_Kitchen_5,5.0,0,i bought this for a friend and he loves it.,bought friend loves
Home_and_Kitchen_5,5.0,0,Very soft and great quality for such a low price!,soft great quality low price
Home_and_Kitchen_5,5.0,0,Purchased as a Christmas gift.  She will love it.,purchased christmas gift love
Home_and_Kitchen_5,5.0,0,"accurate description, works great, came on time, i'm very happy!",accurate description works great came time im happy
Home_and_Kitchen_5,5.0,0,Use it in my Duvet cover. Fluffy and perfect fit!,use duvet cover fluffy perfect fit
Home_and_Kitchen_5,5.0,0,One of the softest blankets ever. So nice and cozy.,one softest blankets ever nice cozy
Home_and_Kitchen_5,5.0,0,"Smells great, and the fine mist dries quickly. My favorite.",smells great fine mist dries quickly favorite
Home_and_Kitchen_5,5.0,0,Exactly what I was expecting. perfect curtains for my bedroom.,exactly expecting perfect curtains bedroom
Home_and_Kitchen_5,4.0,0,Just what I wanted to hang my pants and skirts.,wanted hang pants skirts
Home_and_Kitchen_5,3.0,0,"It's kind of small, we were looking for something larger.",kind small looking something larger
Home_and_Kitchen_5,4.0,0,A little pricey for what it is.,little pricey
Home_and_Kitchen_5,5.0,0,works great & the charge kept up all day long,works great charge kept day long
Home_and_Kitchen_5,5.0,0,This is a nice quality frame at a good price,nice quality frame good price
Home_and_Kitchen_5,3.0,0,"Does the job, but nothing special. Not hard to install.",job nothing special hard install
Home_and_Kitchen_5,5.0,0,Item as described and arrived in a timely manner.,item described arrived timely manner
Home_and_Kitchen_5,3.0,0,Bought 2 and sent one back because it didn't work,bought sent one back didnt work
Home_and_Kitchen_5,5.0,0,"Made well holds all my make brushes, pencils, mascara etc.",made well holds make brushes pencils mascara etc
Home_and_Kitchen_5,1.0,0,"sheds all over, would not buy it ever again. blanket.",sheds would buy ever blanket
Home_and_Kitchen_5,5.0,0,"Works great, it's Pyrex, I'd expect nothing less from them.",works great pyrex id expect nothing less
Home_and_Kitchen_5,5.0,0,"we like this little opener, real easy on my hands.",like little opener real easy hands
Home_and_Kitchen_5,5.0,0,Perfect. Love everything about them. Look great in my kitchen.,perfect love everything look great kitchen
Home_and_Kitchen_5,5.0,0,air tight and it works great glad i got it,air tight works great glad got
Home_and_Kitchen_5,5.0,0,Very cute and good quality fabric. Zippers worked well too.,cute good quality fabric zippers worked well
Home_and_Kitchen_5,5.0,0,These were great to send my grandkids their Halloween treats,great send grandkids halloween treats
Home_and_Kitchen_5,5.0,0,Save a ton by using these instead of paper towels!,save ton using instead paper towels
Home_and_Kitchen_5,2.0,0,These are so weak. They barely bring in any air.,weak barely bring air
Home_and_Kitchen_5,5.0,0,"Great set of glasses!  Good quality, comfortable to handle.",great set glasses good quality comfortable handle
Home_and_Kitchen_5,4.0,0,It feels cool to the touch but is super hard.,feels cool touch super hard
Home_and_Kitchen_5,5.0,0,"So cute, made well my grand daughter will love this.",cute made well grand daughter love
Home_and_Kitchen_5,5.0,0,Works as expected for connecting CCTV power supply to cameras.,works expected connecting cctv power supply cameras
Home_and_Kitchen_5,5.0,0,Very Soft ! Definitely better quality than I was expecting.,soft definitely better quality expecting
Home_and_Kitchen_5,5.0,0,Nice and contemporary. Great for the price. Easy to assemble.,nice contemporary great price easy assemble
Home_and_Kitchen_5,5.0,0,Super cute and appears to be great quality! Highly recommend!,super cute appears great quality highly recommend
Home_and_Kitchen_5,5.0,0,These are really cool actually.  My boyfriend loved them.,really cool actually boyfriend loved
Home_and_Kitchen_5,5.0,0,Bought as a gift for a cousin.  Very nice.,bought gift cousin nice
Home_and_Kitchen_5,1.0,0,Stopped working after one use still waiting on my refund,stopped working one use still waiting refund
Home_and_Kitchen_5,4.0,0,cute and reasonably price. I am happy with my purchase.,cute reasonably price happy purchase
Home_and_Kitchen_5,5.0,0,Well received and comfortable. Gave as gift to dialysis patient.,well received comfortable gave gift dialysis patient
Home_and_Kitchen_5,2.0,0,"do not expected to be so poor on quality ,",expected poor quality
Home_and_Kitchen_5,5.0,0,Easy to review. The kid DDS love them!  Thanks,easy review kid dds love thanks
Home_and_Kitchen_5,3.0,1,"Really ruff under your feet, it feels very sturdy. I will keep my feet in the chair",really ruff feet feels sturdy keep feet chair
Home_and_Kitchen_5,5.0,1,Order to place special photos on the wall.  We've had it for a couple of weeks and,order place special photos wall weve couple weeks
Home_and_Kitchen_5,5.0,1,"baby like it! Thermal insulation helps to keep the food warmer.

The thermal insulation helps keep",baby like thermal insulation helps keep food warmer thermal insulation helps keep
Home_and_Kitchen_5,4.0,1,"I like it, just wish it had more wide opening. I also love that it's been made",like wish wide opening also love made
Home_and_Kitchen_5,5.0,1,I love pyrex quality and this set is the best. I will be purchasing more in the future,love pyrex quality set best purchasing future
Home_and_Kitchen_5,5.0,1,"Perfect for additional storage and convenience. The only problem is that it's not really a vacuum, but",perfect additional storage convenience problem really vacuum
Home_and_Kitchen_5,5.0,1,These smell great! I'm pretty happy with the quality and quality of this product!This is a,smell great im pretty happy quality quality productthis
Home_and_Kitchen_5,2.0,1,The turquoise is almost neon. It's a very bright pink.,turquoise almost neon bright pink
Home_and_Kitchen_5,5.0,1,"Easy to hold, and the material is nice and thick. I will keep my shelves in order and",easy hold material nice thick keep shelves order
Home_and_Kitchen_5,5.0,1,"Works great for chocolate, yogurt, or any other fruit. I also love that it's removable and",works great chocolate yogurt fruit also love removable
Home_and_Kitchen_5,5.0,1,Love it. I think I will buy more.Very nice set of knives!  I have one,love think buy morevery nice set knives one
Home_and_Kitchen_5,5.0,1,Nice small ottoman that does what it should.  Not too big or too small. ,nice small ottoman big small
Home_and_Kitchen_5,5.0,1,they look great in my kitchen. The only problem is that it's kind of hard to put the,look great kitchen problem kind hard put
Home_and_Kitchen_5,5.0,1,Bought this as a Father's Day gift and it's just what I needed!  I love,bought fathers day gift needed love
Home_and_Kitchen_5,5.0,1,"Great for winter months, very soft and comfortable.  I've slept on this for about a week",great winter months soft comfortable ive slept week
Home_and_Kitchen_5,3.0,1,Nice soft sheets but I find it difficult to put them on a bed that is too warm and doesn,nice soft sheets find difficult put bed warm
Home_and_Kitchen_5,5.0,1,"This is a beautifully made, sturdy, and very comfortable chair.  It is very comfortable and functional",beautifully made sturdy comfortable chair comfortable functional
Home_and_Kitchen_5,3.0,1,Need to buy two to go with the wide wooden legs of the bedding. I have one in,need buy two go wide wooden legs bedding one
Home_and_Kitchen_5,5.0,1,Very nice and sturdy. I use it as a long-term storage container for my small bags of,nice sturdy use longterm storage container small bags
Home_and_Kitchen_5,5.0,1,"Just as good as original-type containers, the wooden handle is smooth and solid, the handle fits",good originaltype containers wooden handle smooth solid handle fits
Home_and_Kitchen_5,5.0,1,"Excellent, the grill looks very nice. The only problem is that it's not really a vacuum,",excellent grill looks nice problem really vacuum
Home_and_Kitchen_5,5.0,1,"Nice large, sturdy canvas tote, and it's lightweight and comfortable.",nice large sturdy canvas tote lightweight comfortable
Home_and_Kitchen_5,5.0,1,Good quality and good price. I love the look and feel of this pillow.,good quality good price love look feel pillow
Home_and_Kitchen_5,1.0,1,"I ordered the light blue, and it arrived with a very small opening.  The yellow was just",ordered light blue arrived small opening yellow
Home_and_Kitchen_5,5.0,1,Purchased as a gift!  We have had this one for two months now and it's,purchased gift one two months
Home_and_Kitchen_5,5.0,1,Very good price for product!I have had this for a few months now and have used it every,good price producti months used every
Home_and_Kitchen_5,5.0,1,"Gets all the shampoo &/or conditioner you want, and I will keep my shower in",gets shampoo conditioner want keep shower
Home_and_Kitchen_5,5.0,1,This is a mini-chair! Not a real chair. It is a full chair that is comfortable,minichair real chair full chair comfortable
Home_and_Kitchen_5,5.0,1,Happy with my purchase.  We have had the same mattress for a few months now and this one,happy purchase mattress months one
Home_and_Kitchen_5,5.0,1,Works great to keep light on. The only problem is that it's kind of hard to put the,works great keep light problem kind hard put
Home_and_Kitchen_5,5.0,1,"Bought for son in college, and he loves it!Very good quality.",bought son college loves itvery good quality
Home_and_Kitchen_5,1.0,1,"Terrible, complete waste of money. Not a whole lot to say.",terrible complete waste money whole lot say
Home_and_Kitchen_5,4.0,1,It looks very nice in my bedroom and the materials are good.  I have a large one and,looks nice bedroom materials good large one
Home_and_Kitchen_5,5.0,1,Easy to put together and looks nice and the finish is good.  I have a large one and,easy put together looks nice finish good large one
Home_and_Kitchen_5,5.0,1,Just what I expected!!! Made a real difference in the quality of my kitchen!This is a pretty,expected made real difference quality kitchenthis pretty
Home_and_Kitchen_5,5.0,1,"I'm so glad I got this set, as it is a great deal for the price! ",im glad got set great deal price
Home_and_Kitchen_5,5.0,1,"Do the job, are adorable, and have the quality to make them a nice addition to the kitchen",job adorable quality make nice addition kitchen
Home_and_Kitchen_5,2.0,1,Too much work.  This is an easy way to make a smoothie that is perfect for the,much work easy way make smoothie perfect
Home_and_Kitchen_5,3.0,1,Just okay. Did not fit my containers well. We love this blanket.,okay fit containers well love blanket
Home_and_Kitchen_5,5.0,1,"As far as little plastic, it's fine, but I'm not sure how well it will hold",far little plastic fine im sure well hold
Home_and_Kitchen_5,5.0,1,"So nice, was a gift for a friend. We love this blanket.",nice gift friend love blanket
Home_and_Kitchen_5,4.0,1,Skinnier than I thought. But it has the quality and design of a lot of other products,skinnier thought quality design lot products
Home_and_Kitchen_5,5.0,1,Very quick shipping and excellent customer service.  Great value for the money!This is a great little,quick shipping excellent customer service great value moneythis great little
Home_and_Kitchen_5,5.0,1,"Works great, this design makes it easy to hang and it is a nice size for the size of",works great design makes easy hang nice size size
Home_and_Kitchen_5,5.0,1,Perfect! Works in your oven and has the right height. I also love that it's removable and,perfect works oven right height also love removable
Home_and_Kitchen_5,5.0,1,"Service was great, can't wait to try it out!Very good quality.",service great cant wait try outvery good quality
Home_and_Kitchen_5,5.0,1,Arrived quickly and is the perfect size for the long haul.  I also have a large one,arrived quickly perfect size long haul also large one
Home_and_Kitchen_5,1.0,1,"CHEAP CHINA.  Not a big deal, but it is a little pricey for a",cheap china big deal little pricey
Home_and_Kitchen_5,4.0,1,Gave to Mother as a gift. The quality is good but it's not really the best one,gave mother gift quality good really best one
Home_and_Kitchen_5,3.0,1,"Great for spices but not for anything else.  Not good enough.Nice, sturdy, and functional",great spices anything else good enoughnice sturdy functional
Home_and_Kitchen_5,1.0,0,My car smells no different after 3 weeks.  Snake oil.,car smells different weeks snake oil
Home_and_Kitchen_5,5.0,0,This pillow cushion is well constructed and easily washed. Very comfortable.,pillow cushion well constructed easily washed comfortable
Home_and_Kitchen_5,5.0,0,Haven't used the big ones but the small ones work great!,havent used big ones small ones work great
Home_and_Kitchen_5,5.0,0,Takes out the mystery of when my meat is finished cooking,takes mystery meat finished cooking
Home_and_Kitchen_5,3.0,0,Its nice to have an organizer large enough for the utensils.,nice organizer large enough utensils
Home_and_Kitchen_5,5.0,0,Works perfectly.  Easy to put in your art and hang.,works perfectly easy put art hang
Home_and_Kitchen_5,5.0,0,Great little rug!  I'd buy it again in different colors.,great little rug id buy different colors
Home_and_Kitchen_5,4.0,0,Holds some gift wrap but not longer tubes which is disappointing.,holds gift wrap longer tubes disappointing
Home_and_Kitchen_5,4.0,0,Belts never last long enough but this seems to work okay.,belts never last long enough seems work okay
Home_and_Kitchen_5,5.0,0,"Such a great price, less expensive than renting & great quality",great price less expensive renting great quality
Home_and_Kitchen_5,4.0,0,Good for the price but doesn't soften up much after washing,good price doesnt soften much washing
Home_and_Kitchen_5,5.0,0,I love these sheets!!!!  Goes great with my star quilts,love sheets goes great star quilts
Home_and_Kitchen_5,5.0,0,Great mug - bigger than I thought it would be too!,great mug bigger thought would
Home_and_Kitchen_5,5.0,0,I gave this as a gift and my daughter loves hers.,gave gift daughter loves
Home_and_Kitchen_5,5.0,0,These are great!  Great space saver in our laundry room!,great great space saver laundry room
Home_and_Kitchen_5,5.0,0,Very flexible leading edge not quite as helpful under all conditions.,flexible leading edge quite helpful conditions
Home_and_Kitchen_5,1.0,0,bottom will not stay on.....zero customer service  do not buy,bottom stay onzero customer service buy
Home_and_Kitchen_5,4.0,0,"Very nice, elegant glass and does improve the taste of wine.",nice elegant glass improve taste wine
Home_and_Kitchen_5,5.0,0,excellent product if you are a side sleeper this is perfect,excellent product side sleeper perfect
Home_and_Kitchen_5,5.0,0,When there not in the oven they make great place mats,oven make great place mats
Home_and_Kitchen_5,5.0,0,love it  it is so cute in my new bathroom,love cute new bathroom
Home_and_Kitchen_5,5.0,0,Exactly as pictured! Sturdy and perfect for baking and cooking needs!,exactly pictured sturdy perfect baking cooking needs
Home_and_Kitchen_5,5.0,0,Top notch artistry done on this bust from grand jesters studios.,top notch artistry done bust grand jesters studios
Home_and_Kitchen_5,5.0,0,Love these and I get many comments on this spoon :-),love get many comments spoon
Home_and_Kitchen_5,5.0,0,"Did not expect this table to  be this nice, Thanks",expect table nice thanks
Home_and_Kitchen_5,5.0,0,Great product. Arrived on time and matched my shower curtain perfectly.,great product arrived time matched shower curtain perfectly
Home_and_Kitchen_5,5.0,0,a nice secondary vacuum for small apartments and reaching tight areas,nice secondary vacuum small apartments reaching tight areas
Home_and_Kitchen_5,5.0,0,"Good size, good value for money. Looks great in my bar.",good size good value money looks great bar
Home_and_Kitchen_5,3.0,0,"Somewhat hard to clean, not as convenient as I had hoped.",somewhat hard clean convenient hoped
Home_and_Kitchen_5,5.0,0,Works Great with all my battery candles of the same brand.,works great battery candles brand
Home_and_Kitchen_5,3.0,0,Ok pillow kind of too hard and firm not very soft,ok pillow kind hard firm soft
Home_and_Kitchen_5,5.0,0,"Perfection. Beyond easy to use, minimal effort, fast and perfect froth.",perfection beyond easy use minimal effort fast perfect froth
Home_and_Kitchen_5,5.0,0,Love this item. I smile every time I I use it,love item smile every time use
Home_and_Kitchen_5,5.0,0,Fleece blanket is cozy warm. It was exactly what I wanted.,fleece blanket cozy warm exactly wanted
Home_and_Kitchen_5,3.0,0,Noticed today top I'd bubbling up where a glass was set,noticed today top id bubbling glass set
Home_and_Kitchen_5,3.0,0,Great for weighing in lbs and oz not grams. Fast shipping.,great weighing lbs oz grams fast shipping
Home_and_Kitchen_5,5.0,0,These were great. I just had to order a longer size.,great order longer size
Home_and_Kitchen_5,5.0,0,Nice sticks; used these for almost every meal; good for PHO.,nice sticks used almost every meal good pho
Home_and_Kitchen_5,5.0,0,This is one of the best things I have ever bought,one best things ever bought
Home_and_Kitchen_5,4.0,0,Love it but too small.  Would love in larger size,love small would love larger size
Home_and_Kitchen_5,5.0,0,"Perfect for my candy buffet, and it will certainly be multipurpose.",perfect candy buffet certainly multipurpose
Home_and_Kitchen_5,5.0,0,Works perfect. Use this for my EV cord in the garage,works perfect use ev cord garage
Home_and_Kitchen_5,1.0,0,Do not waste your money.  It broke after one month.,waste money broke one month
Home_and_Kitchen_5,4.0,0,"A little tacky, but on the shelf in the spare bathroom.",little tacky shelf spare bathroom
Home_and_Kitchen_5,3.0,0,Helps cool my memory mattress a little but not a lot.,helps cool memory mattress little lot
Home_and_Kitchen_5,5.0,0,This is perfect. I wish I would have ordered it earlier.,perfect wish would ordered earlier
Home_and_Kitchen_5,5.0,0,"Excellent packaging, Fast shipping , super quality for the right price.",excellent packaging fast shipping super quality right price
Home_and_Kitchen_5,4.0,0,Good mix - my favorite is still the Goloka Nag Champa,good mix favorite still goloka nag champa
Home_and_Kitchen_5,5.0,0,Just what the bride wanted came out nice with the engraving.,bride wanted came nice engraving
Home_and_Kitchen_5,4.0,0,"The color slightly different than I got,the website pictures looks better.",color slightly different gotthe website pictures looks better
Home_and_Kitchen_5,5.0,1,"Really great, soft and warm. I love the feel of this blanket.",really great soft warm love feel blanket
Home_and_Kitchen_5,1.0,1,"LESS THEN 1 YEAR OLD, BUT NO MORE!!  I've had mine for 2 months now",less year old ive mine months
Home_and_Kitchen_5,5.0,1,"It's a pint. And it's a pint, too.

It's also a pint",pint pint also pint
Home_and_Kitchen_5,5.0,1,Perfect for what I needed. I love the look and feel of this pillow.,perfect needed love look feel pillow
Home_and_Kitchen_5,5.0,1,Bought this just to pick up an old mattress and it was a nice piece of equipment. ,bought pick old mattress nice piece equipment
Home_and_Kitchen_5,2.0,1,the plastic rings either gone or destroyed the pieces.  I will keep my old ones as gifts.,plastic rings either gone destroyed pieces keep old ones gifts
Home_and_Kitchen_5,4.0,1,"Nice just more trouble then it looks, the finish is a bit thin, not the best quality.",nice trouble looks finish bit thin best quality
Home_and_Kitchen_5,5.0,1,Great Seller. Item just like it.Great quality and just what I needed for my kitchen! ,great seller item like itgreat quality needed kitchen
Home_and_Kitchen_5,5.0,1,Very cute. Go with what you have. Not too big or too small.,cute go big small
Home_and_Kitchen_5,5.0,1,looks high end and feels nice. The only problem is that it's kind of hard to put,looks high end feels nice problem kind hard put
Home_and_Kitchen_5,5.0,1,"This mug is VERY nice.  I love the look and feel of it, and the size and",mug nice love look feel size
Home_and_Kitchen_5,4.0,1,It works really well it looks great and the materials are good.  I have a large one and,works really well looks great materials good large one
Home_and_Kitchen_5,5.0,1,Ordered this as a gift and it arrived on time. I will keep my review for the next,ordered gift arrived time keep review next
Home_and_Kitchen_5,4.0,1,Beautiful calming light. Not sure what it is. We love this blanket.,beautiful calming light sure love blanket
Home_and_Kitchen_5,1.0,1,I like the clock although it has the design flaw which is that it is a little hard to read,like clock although design flaw little hard read
Home_and_Kitchen_5,5.0,1,Exactly as advertised. Better quality than the original. We love this blanket.,exactly advertised better quality original love blanket
Home_and_Kitchen_5,5.0,1,Perfect solution to sorting his messes and the tools. I also love that it's removable and can,perfect solution sorting messes tools also love removable
Home_and_Kitchen_5,5.0,1,"very cute item, going to go with the wide wooden legs for a nice dinner table.",cute item going go wide wooden legs nice dinner table
Home_and_Kitchen_5,4.0,1,Beautious!  The perfect wall clock.  It's a good size and looks great in my,beautious perfect wall clock good size looks great
Home_and_Kitchen_5,2.0,1,Just OK. Am buying a second set.I love these containers.  They work well and look,ok buying second seti love containers work well look
Home_and_Kitchen_5,5.0,1,Great comforter especially when you are on the go.  I will keep my shelves in order,great comforter especially go keep shelves order
Home_and_Kitchen_5,5.0,1,"It's nice, fit just right, and the quality is good.

The only reason I",nice fit right quality good reason
Home_and_Kitchen_5,5.0,1,These are very nice mugs.  They are very long and fit nicely on my shelves. ,nice mugs long fit nicely shelves
Home_and_Kitchen_5,5.0,1,Easy to assemble.  Arrived on time and as described.  My husband and I have been,easy assemble arrived time described husband
Home_and_Kitchen_5,5.0,1,I bought one for my daughter and it was very comfortable.  She also loves the way the bed,bought one daughter comfortable also loves way bed
Home_and_Kitchen_5,5.0,1,Wife love s it. Packed it with the pieces and it was perfect.,wife love packed pieces perfect
Home_and_Kitchen_5,5.0,1,I love CrockPots that is perfect for the wide variety of containers.,love crockpots perfect wide variety containers
Home_and_Kitchen_5,5.0,1,I hang it myself and it looks nice.  I've also used it for a few hours.,hang looks nice ive also used hours
Home_and_Kitchen_5,5.0,1,"Using my second set of glasses, I thought they would be a nice addition to the kitchen. ",using second set glasses thought would nice addition kitchen
Home_and_Kitchen_5,5.0,1,Big mirror that fits perfectly into my cabinet.  I've also used this for a few years.,big mirror fits perfectly cabinet ive also used years
Home_and_Kitchen_5,4.0,1,Pretty good!  quite a few of the pieces are just too small.  I would recommend them,pretty good quite pieces small would recommend
Home_and_Kitchen_5,5.0,1,This is the second one that I have bought and it is a nice piece of equipment.,second one bought nice piece equipment
Home_and_Kitchen_5,5.0,1,"Perfect size for hanging wreath, an easy to use and efficient way to make a small wreath",perfect size hanging wreath easy use efficient way make small wreath
Home_and_Kitchen_5,5.0,1,"I ADORE these bowls, can't wait to make the next batch of cold drinks!This is",adore bowls cant wait make next batch cold drinksthis
Home_and_Kitchen_5,5.0,1,They work great. I also use it as a measuring cup for measuring cupcakes.,work great also use measuring cup measuring cupcakes
Home_and_Kitchen_5,5.0,1,Nice fit in the hand.  I love the feel of the fabric.  The colors are just,nice fit hand love feel fabric colors
Home_and_Kitchen_5,4.0,1,Great for the price!  We have had this for a few months now and have used it every,great price months used every
Home_and_Kitchen_5,5.0,1,I bought these for bottling wine.  I love them.  I also like the fact that,bought bottling wine love also like fact
Home_and_Kitchen_5,5.0,1,Good padding and nice quality.  I love the feel of the fabric.  I would buy again,good padding nice quality love feel fabric would buy
Home_and_Kitchen_5,5.0,1,I love this popcorn machine!  I love the popcorn and I will keep my popcorn in this one,love popcorn machine love popcorn keep popcorn one
Home_and_Kitchen_5,3.0,1,Nice but the size of the containers is a little small for a cup of tea.Very pretty.,nice size containers little small cup teavery pretty
Home_and_Kitchen_5,5.0,1,Much easier to use Can't go wrong with this product. I will keep my review for the next,much easier use cant go wrong product keep review next
Home_and_Kitchen_5,5.0,1,Great can opener that looks nice on the countertop. I will keep my opener in the drawer.,great opener looks nice countertop keep opener drawer
Home_and_Kitchen_5,5.0,1,"love it, just wish the handle was more wide. Very good quality.",love wish handle wide good quality
Home_and_Kitchen_5,1.0,1,seems to have a defective seal. The only way to fix it is to just throw the container,seems defective seal way fix throw container
Home_and_Kitchen_5,4.0,1,works great. But boy do I love the fact that you can't just turn it off and off,works great boy love fact cant turn
Home_and_Kitchen_5,5.0,1,"These are sturdy, snap into place, and are very comfortable.

The only reason I gave",sturdy snap place comfortable reason gave
Home_and_Kitchen_5,5.0,1,"These have worked out so well. The only problem is that they are small, and the one I",worked well problem small one
Home_and_Kitchen_5,5.0,0,"Great color and feel, very soft and great price.
I would recommend it.",great color feel soft great price would recommend
Home_and_Kitchen_5,4.0,0,Very small but works if you don't have a lot of space.,small works dont lot space
Home_and_Kitchen_5,1.0,0,Burns the hell out of my hands. Doesn't work at high temps,burns hell hands doesnt work high temps
Home_and_Kitchen_5,5.0,0,Works so fast. replaced the one I broke.,works fast replaced one broke
Home_and_Kitchen_5,5.0,0,This shower curtain is beautiful. Nice fabric. Looks great in my bathroom.,shower curtain beautiful nice fabric looks great bathroom
Home_and_Kitchen_5,4.0,0,Use it at work with our staff of 5. Holding up well.,use work staff holding well
Home_and_Kitchen_5,5.0,0,Great mug! Husband says it is one of his favorites.,great mug husband says one favorites
Home_and_Kitchen_5,5.0,0,Worked out great for the small space I had in my closet!,worked great small space closet
Home_and_Kitchen_5,3.0,0,"Was a gift, so don't know how it is. It is beautiful.",gift dont know beautiful
Home_and_Kitchen_5,5.0,0,"This product actually works. Tried before and after use, definitely a difference.",product actually works tried use definitely difference
Home_and_Kitchen_5,5.0,0,Very happy with the quality of the merchandise and the speedy delivery.,happy quality merchandise speedy delivery
Home_and_Kitchen_5,5.0,0,"American made! Love that, now I just need the matching measuring cups",american made love need matching measuring cups
Home_and_Kitchen_5,3.0,0,Not enough for a whole pie. Would need two or three sets.,enough whole pie would need two three sets
Home_and_Kitchen_5,5.0,0,Very impressed with the quality. Its a great size bag and durable.,impressed quality great size bag durable
Home_and_Kitchen_5,5.0,0,Does what it is suppose to do. Hot water in a flash,suppose hot water flash
Home_and_Kitchen_5,4.0,0,"fantastic goblet, can store a lot of fluid like wine and beer!",fantastic goblet store lot fluid like wine beer
Home_and_Kitchen_5,5.0,0,Doesn't get warm even after sitting on it for hours.,doesnt get warm even sitting hours
Home_and_Kitchen_5,5.0,0,I can't believe the low price for such quality!  Love it!,cant believe low price quality love
Home_and_Kitchen_5,4.0,0,This is a reorder. Rated before whwn originally purchase.,reorder rated whwn originally purchase
Home_and_Kitchen_5,5.0,0,Makes a good cup of coffee and takes any of the cups,makes good cup coffee takes cups
Home_and_Kitchen_5,5.0,0,I ordered this for my husband...he loves the set...especially the noodle strainer:),ordered husbandhe loves setespecially noodle strainer
Home_and_Kitchen_5,1.0,0,Plastic threads in the socket and the bulbs sent do not fit.,plastic threads socket bulbs sent fit
Home_and_Kitchen_5,3.0,0,Nice. haven't totally unpacked it yet. is a gift. Styrofoam all over the place.,nice havent totally unpacked yet gift styrofoam place
Home_and_Kitchen_5,2.0,0,don't last long if you pull it along but otherwise it's ok,dont last long pull along otherwise ok
Home_and_Kitchen_5,5.0,0,Exactly what I was looking for.  Love that they are clear.,exactly looking love clear
Home_and_Kitchen_5,5.0,0,These are great toilet brush holders. Sleek design and appear well made,great toilet brush holders sleek design appear well made
Home_and_Kitchen_5,5.0,0,Excellent service; arrived quickly and as promised. This is a lovely lamp.,excellent service arrived quickly promised lovely lamp
Home_and_Kitchen_5,5.0,0,I loved this! Small little cookie cutter - does its job perfectly.,loved small little cookie cutter job perfectly
Home_and_Kitchen_5,4.0,0,"Makes keeping track of shoes easier, up off the floor and visible.",makes keeping track shoes easier floor visible
Home_and_Kitchen_5,5.0,0,Wonderful product.  Shipped promptly.  Ordered about ten sets a gifts.,wonderful product shipped promptly ordered ten sets gifts
Home_and_Kitchen_5,3.0,0,"very slow toasting, my rye bread becomes rock hard before it's toasted.",slow toasting rye bread becomes rock hard toasted
Home_and_Kitchen_5,3.0,0,"I do find it a bit too soft, but overall it's ok.",find bit soft overall ok
Home_and_Kitchen_5,4.0,0,I bought 10 of them and one of the corners was broken.,bought one corners broken
Home_and_Kitchen_5,5.0,0,"I want more
The perfect pasta,cereal,ice cream,soup bowl ever perfect size for cereal",want perfect pastacerealice creamsoup bowl ever perfect size cereal
Home_and_Kitchen_5,5.0,0,I love the Blue Air product and these filter covers are awesome!,love blue air product filter covers awesome
Home_and_Kitchen_5,5.0,0,Love it! Good quality and nice soft night light and noise variations,love good quality nice soft night light noise variations
Home_and_Kitchen_5,2.0,0,worked OK the one time before it fell apart and became unusable,worked ok one time fell apart became unusable
Home_and_Kitchen_5,5.0,0,Is s good strong suction vacuume. World's good an the carpet also.,good strong suction vacuume worlds good carpet also
Home_and_Kitchen_5,5.0,0,Nice floral. no dead heading and no watering.,nice floral dead heading watering
Home_and_Kitchen_5,5.0,0,The lghts work beautifully and are very bright.,lghts work beautifully bright
Home_and_Kitchen_5,5.0,0,Worked for my rum infused chocolate covered strawberries and molded chocolate hearts.,worked rum infused chocolate covered strawberries molded chocolate hearts
Home_and_Kitchen_5,5.0,0,The shells are beautiful and just what I'm looking for.  Thanks.,shells beautiful im looking thanks
Home_and_Kitchen_5,5.0,0,"Good quality, great price.  A tad loose on my 15"" mattress.",good quality great price tad loose mattress
Home_and_Kitchen_5,5.0,0,very sturdy and a great addition to our eat in breakfast nook.,sturdy great addition eat breakfast nook
Home_and_Kitchen_5,5.0,0,"Classic, sturdy and functional.  Perfect for keeping honey at room temperature.",classic sturdy functional perfect keeping honey room temperature
Home_and_Kitchen_5,5.0,0,"Wonderful!!!!! Great size, throw them in the dishwasher - these area GREAT!!!!!",wonderful great size throw dishwasher area great
Home_and_Kitchen_5,1.0,0,This one came to me broken!! The handle was a broken piece!,one came broken handle broken piece
Home_and_Kitchen_5,5.0,0,"Sturdy,  holds all my Camis and makes them easy to access.",sturdy holds camis makes easy access
Home_and_Kitchen_5,5.0,1,Beautiful shower curtain. Just what I wanted. Looks good in my bathroom.,beautiful shower curtain wanted looks good bathroom
Home_and_Kitchen_5,5.0,1,I have used these containers for a couple of weeks and I really love them. I have one in,used containers couple weeks really love one
Home_and_Kitchen_5,5.0,1,Love the way the top holds the suction cups. I also love that the suction cups are,love way top holds suction cups also love suction cups
Home_and_Kitchen_5,5.0,1,"Love the candles...have ordered more...also, have had the candles burn for a couple of weeks",love candleshave ordered morealso candles burn couple weeks
Home_and_Kitchen_5,5.0,1,"Used as a white elephant, it's just too thin for my liking.",used white elephant thin liking
Home_and_Kitchen_5,5.0,1,My daughters loves it!  We have had it for a few months now and it's been great,daughters loves months great
Home_and_Kitchen_5,5.0,1,"For a single cup of coffee, you can feel the coffee taste fresher, the coffee tastes lighter",single cup coffee feel coffee taste fresher coffee tastes lighter
Home_and_Kitchen_5,1.0,1,Not what I expected my old ones to be. I will keep them for the future.,expected old ones keep future
Home_and_Kitchen_5,5.0,1,unpacked and used as soon as it arrived.  I was a little surprised how well this one,unpacked used soon arrived little surprised well one
Home_and_Kitchen_5,2.0,1,"Very flimsy for blackout curtains. Not an easy task to put together. Also, the dimensions are",flimsy blackout curtains easy task put together also dimensions
Home_and_Kitchen_5,5.0,1,"A standard christmas present for a friend, she loves it.

The only reason I gave",standard christmas present friend loves reason gave
Home_and_Kitchen_5,5.0,1,"Looks fantastic in my guest room. The only problem is that it's not really a vacuum, but",looks fantastic guest room problem really vacuum
Home_and_Kitchen_5,5.0,1,So easy to put up!  I love the look and feel of this pillow.,easy put love look feel pillow
Home_and_Kitchen_5,5.0,1,I absolutely love it.  We have had it for a few months now and it's been great,absolutely love months great
Home_and_Kitchen_5,5.0,1,"Fits my 32 oz. Ozark, and I love the fact that it comes with a small",fits oz ozark love fact comes small
Home_and_Kitchen_5,5.0,1,Such an amazing product and looks amazing in the kitchen. I will definitely buy again!Very pretty.,amazing product looks amazing kitchen definitely buy againvery pretty
Home_and_Kitchen_5,5.0,1,Perfect size for eggs for a couple of reasons.  I need a lot of egg whites and they,perfect size eggs couple reasons need lot egg whites
Home_and_Kitchen_5,5.0,1,"Great straws - very durable and will last a long time.

The only reason I gave",great straws durable last long time reason gave
Home_and_Kitchen_5,4.0,1,Does the job but thinner than a professional blender?  I will say that it's a pretty good,job thinner professional blender say pretty good
Home_and_Kitchen_5,5.0,1,Nicely made.  Great for keeping an open space on a shelf.  Very well made.,nicely made great keeping open space shelf well made
Home_and_Kitchen_5,4.0,1,Fits well and seems to last a long time. Very good quality.,fits well seems last long time good quality
Home_and_Kitchen_5,5.0,1,"I love this, perfect for what I need.  I've had mine for a couple of years",love perfect need ive mine couple years
Home_and_Kitchen_5,4.0,1,"they look pretty, will see some wear and tear on them but overall they are just the right size",look pretty see wear tear overall right size
Home_and_Kitchen_5,5.0,1,Excellent product - my second. I love the look and feel of this pillow.,excellent product second love look feel pillow
Home_and_Kitchen_5,5.0,1,so ergonomically correct are these.  The only problem is that they are not really the same,ergonomically correct problem really
Home_and_Kitchen_5,5.0,1,"Mom loves it and is perfect for the summer.Very good quality.Nice, sturdy, and sturdy",mom loves perfect summervery good qualitynice sturdy sturdy
Home_and_Kitchen_5,1.0,1,Tiny spatulas. Unless you are using a professional spatula you will need to make sure the,tiny spatulas unless using professional spatula need make sure
Home_and_Kitchen_5,5.0,1,"Purchased for my 10-year-old daughter, who has arthritis in her hands. ",purchased yearold daughter arthritis hands
Home_and_Kitchen_5,5.0,1,"Easy to set up, sturdy, and easy to clean. I will be purchasing more!Very pretty",easy set sturdy easy clean purchasing morevery pretty
Home_and_Kitchen_5,5.0,1,"Still a good product after reading a few reviews.Very good quality.Nice, sturdy, and functional",still good product reading reviewsvery good qualitynice sturdy functional
Home_and_Kitchen_5,5.0,1,I use these bags to store containers and they are very thick and sturdy. They are very easy to,use bags store containers thick sturdy easy
Home_and_Kitchen_5,3.0,1,I thought this would be a good addition to my kitchen.  I also have a large kitchen.,thought would good addition kitchen also large kitchen
Home_and_Kitchen_5,4.0,1,"Complements different color schemes, that are more vibrant and more comfortable.",complements different color schemes vibrant comfortable
Home_and_Kitchen_5,4.0,1,"Softer than my more expensive, more expensive, more expensive model, I'm just not sure how",softer expensive expensive expensive model im sure
Home_and_Kitchen_5,4.0,1,I put the bottles of wine in the freezer and they are still fresh!  I have one in,put bottles wine freezer still fresh one
Home_and_Kitchen_5,4.0,1,"Small and compact, this travel mug has the design and design of a travel mug.",small compact travel mug design design travel mug
Home_and_Kitchen_5,5.0,1,Works like a charm. Item looks great and the materials are good.  I have a large one,works like charm item looks great materials good large one
Home_and_Kitchen_5,5.0,1,Love it use it daily and it is the best. I will keep my review.Very pretty.,love use daily best keep reviewvery pretty
Home_and_Kitchen_5,5.0,1,"Item exactly as described,  and it arrived with a very good seal.  The dimensions are just",item exactly described arrived good seal dimensions
Home_and_Kitchen_5,5.0,1,does great on pug dog treats.  It's a good size and the lid is strong enough,great pug dog treats good size lid strong enough
Home_and_Kitchen_5,3.0,1,Does not fit my husbands bed.  It's just too small.  I would order one.,fit husbands bed small would order one
Home_and_Kitchen_5,2.0,1,This is not what I wanted. The quality is just what I wanted. The dimensions are just what,wanted quality wanted dimensions
Home_and_Kitchen_5,5.0,1,"Very comfortable and helps my wrists. The only problem is that it's not really a vacuum, but",comfortable helps wrists problem really vacuum
Home_and_Kitchen_5,5.0,1,"Don't waste your time buying this set, they are just too thin and need to be cleaned every",dont waste time buying set thin need cleaned every
Home_and_Kitchen_5,3.0,1,"I wish I had bought this sooner, but it is a great product for the price!  It",wish bought sooner great product price
Home_and_Kitchen_5,3.0,0,Wish these were thicker. The cute polka dots pretty much disappear after baking.,wish thicker cute polka dots pretty much disappear baking
Home_and_Kitchen_5,5.0,0,The hooks are great for hanging stars from my ceiling! And great price!,hooks great hanging stars ceiling great price
Home_and_Kitchen_5,1.0,0,Returned and exchanged twice now. Base broken every time. Over it.,returned exchanged twice base broken every time
Home_and_Kitchen_5,5.0,0,"This knife is very sharp, be careful. Worked perfect for what i needed.",knife sharp careful worked perfect needed
Home_and_Kitchen_5,5.0,0,"Nice to travel with, taking them to Italy where ice is rather scarce.",nice travel taking italy ice rather scarce
Home_and_Kitchen_5,3.0,0,If their handles were a bit thicker/stronger they will be a great product.,handles bit thickerstronger great product
Home_and_Kitchen_5,1.0,0,Do Not buy!! Quit working less than 2 months after it was purchased!!!,buy quit working less months purchased
Home_and_Kitchen_5,4.0,0,not as sturdy as i had expected. wobbles. it does the job though.,sturdy expected wobbles job though
Home_and_Kitchen_5,5.0,0,the blue color is much better than on picture. Good price and quality.,blue color much better picture good price quality
Home_and_Kitchen_5,1.0,0,The knob from the end of the rod broke. Not good quality product.,knob end rod broke good quality product
Home_and_Kitchen_5,5.0,0,They hold up my clothes. The yellow stuff doesn't rub off. Good hangars.,hold clothes yellow stuff doesnt rub good hangars
Home_and_Kitchen_5,4.0,0,A little shorter then i expected but will try it out next christmas,little shorter expected try next christmas
Home_and_Kitchen_5,5.0,0,"Love these sheets they are soft, cotton feel fit our king waterbed .",love sheets soft cotton feel fit king waterbed
Home_and_Kitchen_5,4.0,0,"as others mentioned - cord kinda small, and the hose is kinda stiff.",others mentioned cord kinda small hose kinda stiff
Home_and_Kitchen_5,5.0,0,Got this for my daughters new place.  She seems to love it.,got daughters new place seems love
Home_and_Kitchen_5,5.0,0,These were really fun for an Alice and Wonderland themed party.,really fun alice wonderland themed party
Home_and_Kitchen_5,5.0,0,This is a beautiful table runner and looks great on my antique table.,beautiful table runner looks great antique table
Home_and_Kitchen_5,5.0,0,"Worked as expected, good price. Not much to say about a balloon weight.",worked expected good price much say balloon weight
Home_and_Kitchen_5,4.0,0,"Nice and easy to assemble, it serves it's purpose both functional and aesthetically",nice easy assemble serves purpose functional aesthetically
Home_and_Kitchen_5,5.0,0,These are so useful and attractive.  They made my old knives obsolete.,useful attractive made old knives obsolete
Home_and_Kitchen_5,5.0,0,Works great and less than the shark brand! wiil and have bought again,works great less shark brand wiil bought
Home_and_Kitchen_5,5.0,0,This is exactly as advertised. Does. To get moldy.  Easy to clean.,exactly advertised get moldy easy clean
Home_and_Kitchen_5,4.0,0,Nice design great speed .. It worked excellent for my home made tamales,nice design great speed worked excellent home made tamales
Home_and_Kitchen_5,1.0,0,"Smells good, but it was broken and the glass is  cracked bad.",smells good broken glass cracked bad
Home_and_Kitchen_5,1.0,0,I was sent a soap fish that looked nothing like the pictures cattie.,sent soap fish looked nothing like pictures cattie
Home_and_Kitchen_5,4.0,0,"Great product, does it's job well holding my lunch several days a week.",great product job well holding lunch several days week
Home_and_Kitchen_5,5.0,0,"Cute lunchbox, great for preschooler. Fits plenty of food and easy to clean.",cute lunchbox great preschooler fits plenty food easy clean
Home_and_Kitchen_5,5.0,0,Nice quality. I bought this to be used with my Solo Campfire Stove.,nice quality bought used solo campfire stove
Home_and_Kitchen_5,5.0,0,Can't beat this time tested design.  Easy installation... highly functional ...priced right.,cant beat time tested design easy installation highly functional priced right
Home_and_Kitchen_5,3.0,0,"In terms of overall durability, they're great, but they do scratch very easily.",terms overall durability theyre great scratch easily
Home_and_Kitchen_5,5.0,0,"So far, so good! And no weird smell, unlike so many plastic liners.",far good weird smell unlike many plastic liners
Home_and_Kitchen_5,5.0,0,Fantastic design. No debris falls out with the ends designed as they are.,fantastic design debris falls ends designed
Home_and_Kitchen_5,5.0,0,Nice size.  Fits perfectly.  Love the added organization  they provide.,nice size fits perfectly love added organization provide
Home_and_Kitchen_5,5.0,0,I use this pot for most everything!  This is my second purchase.,use pot everything second purchase
Home_and_Kitchen_5,5.0,0,Very pleased with the product. Arrived in a timely manner. Exactly as shown.,pleased product arrived timely manner exactly shown
Home_and_Kitchen_5,5.0,0,Great for the mudrooma and as a towel rack and other wonderful projects.,great mudrooma towel rack wonderful projects
Home_and_Kitchen_5,5.0,0,SOOOOOOO cute. I love them. Adorable. Well made and totally worth the price!!,sooooooo cute love adorable well made totally worth price
Home_and_Kitchen_5,5.0,0,I got these as a gift for my son.,got gift son
Home_and_Kitchen_5,5.0,0,"Hygienic and great looks, what else do you want from a toilet brush?",hygienic great looks else want toilet brush
Home_and_Kitchen_5,5.0,0,I have this on my bar for rimming salt for margaritas. Looks sleek.,bar rimming salt margaritas looks sleek
Home_and_Kitchen_5,3.0,0,Returned because I thought I was ordering the bed and not the trundle,returned thought ordering bed trundle
Home_and_Kitchen_5,5.0,0,"This clock is large, easy to read, inexpensive, and gets the job done.",clock large easy read inexpensive gets job done
Home_and_Kitchen_5,5.0,0,great tool ....my knives are a sharp as when I purchased them new,great tool knives sharp purchased new
Home_and_Kitchen_5,5.0,0,Super cute & great price! Have it in the blue and white too!,super cute great price blue white
Home_and_Kitchen_5,4.0,0,"Bought as a gift for my daughter, seems to be a great buy.",bought gift daughter seems great buy
Home_and_Kitchen_5,5.0,1,Very good buy for the price. The only problem is that it's kind of hard to put the,good buy price problem kind hard put
Home_and_Kitchen_5,1.0,1,Doesn't fit queen bed. The material is too thick and thin for a queen bed.,doesnt fit queen bed material thick thin queen bed
Home_and_Kitchen_5,5.0,1,GREAT PRODUCT... HAVE HAD CORELLE FOR YEARS!!WONDERFUL PRODUCT!,great product corelle yearswonderful product
Home_and_Kitchen_5,5.0,1,"Keep cold drinks cold, hot drinks hot, cold drinks hot.

The only reason I gave",keep cold drinks cold hot drinks hot cold drinks hot reason gave
Home_and_Kitchen_5,5.0,1,It was as exactly decribed as it was shown on the picture.  The actual dimensions are just,exactly decribed shown picture actual dimensions
Home_and_Kitchen_5,5.0,1,"Not only does this ottoman look nice, it's comfortable and looks nice on my countertop",ottoman look nice comfortable looks nice countertop
Home_and_Kitchen_5,4.0,1,"The glass is wonderful, the colors are vibrant and the design is a nice touch.",glass wonderful colors vibrant design nice touch
Home_and_Kitchen_5,5.0,1,I bought this as a gift for my daughter and she loved it.  It's been a great,bought gift daughter loved great
Home_and_Kitchen_5,5.0,1,Great Product & Service. I use it everyday.Very comfortable.  I love it!Very pretty,great product service use everydayvery comfortable love itvery pretty
Home_and_Kitchen_5,1.0,1,"These curtains weren't as wide as I expected.  I was expecting a tighter curtain, but the",curtains werent wide expected expecting tighter curtain
Home_and_Kitchen_5,5.0,1,"Easy to use. Pie edges are a little thin, but I will keep that in mind when making",easy use pie edges little thin keep mind making
Home_and_Kitchen_5,5.0,1,"Totally works for me, I use it everyday. It is very easy to clean, I have",totally works use everyday easy clean
Home_and_Kitchen_5,4.0,1,"The colors are good and look good, the materials are good, and the quality is good.",colors good look good materials good quality good
Home_and_Kitchen_5,5.0,1,It's so amazing how it looks on the wall.  I will keep it for a long time,amazing looks wall keep long time
Home_and_Kitchen_5,5.0,1,"These knives aren't only nice, they're also very sharp.

The blade is sharp and",knives arent nice theyre also sharp blade sharp
Home_and_Kitchen_5,5.0,1,I love this set! It looks great and the colors are vibrant.  I have a large collection,love set looks great colors vibrant large collection
Home_and_Kitchen_5,4.0,1,"Great cupcake holder. Looked nice and sturdy, but the instructions are a little misleading.",great cupcake holder looked nice sturdy instructions little misleading
Home_and_Kitchen_5,5.0,1,My wife has been making cookies for the last two years and she's happy with the way she's,wife making cookies last two years shes happy way shes
Home_and_Kitchen_5,3.0,1,The pillow is excessively firm.  I have an older version of this pillow that is a little larger,pillow excessively firm older version pillow little larger
Home_and_Kitchen_5,5.0,1,I grow my own spices and herbs and they are just what I needed for my kitchen.,grow spices herbs needed kitchen
Home_and_Kitchen_5,5.0,1,High Quality. Works well. Solid material. The only problem is that it's not really a vacuum,high quality works well solid material problem really vacuum
Home_and_Kitchen_5,5.0,1,Handled heavy pans without tipping.  The only problem is that it's kind of hard to put,handled heavy pans without tipping problem kind hard put
Home_and_Kitchen_5,3.0,1,"Look nice but is too small for my liking.Very good quality.Nice, sturdy, and functional",look nice small likingvery good qualitynice sturdy functional
Home_and_Kitchen_5,5.0,1,Just Stunning! Clean and Modern. We have had this for a few months now and have been,stunning clean modern months
Home_and_Kitchen_5,5.0,1,really l;ike this item.  We have had it for a few months now and it's,really like item months
Home_and_Kitchen_5,5.0,1,Perfect for my white desk. I love the look and feel of this chair.,perfect white desk love look feel chair
Home_and_Kitchen_5,5.0,1,Gorgeous industrial feel. Easy to use. The only problem is that it's not really a,gorgeous industrial feel easy use problem really
Home_and_Kitchen_5,4.0,1,Exactly as described. Purchased as a gift and the recipient loved it.,exactly described purchased gift recipient loved
Home_and_Kitchen_5,5.0,1,These are a nice size and a nice quality.  I will keep them for the next couple of,nice size nice quality keep next couple
Home_and_Kitchen_5,4.0,1,Knives look well in the kitchen. The only problem is that it's not really a strong one,knives look well kitchen problem really strong one
Home_and_Kitchen_5,5.0,1,Very pretty and the size is perfect.  It is thick enough to hold a small person and is,pretty size perfect thick enough hold small person
Home_and_Kitchen_5,5.0,1,Used this on my mattress and it kept the sheets comfortable.  I also have a mattress that is,used mattress kept sheets comfortable also mattress
Home_and_Kitchen_5,4.0,1,COMFORTABLE BUT MADE FOR A LOT OF USE!!  I've had mine for a couple,comfortable made lot use ive mine couple
Home_and_Kitchen_5,5.0,1,"So far, this thing has been a great addition to my kitchen.  I have a large kitchen",far thing great addition kitchen large kitchen
Home_and_Kitchen_5,3.0,1,Fit well.  Not as thick as the ones we have but it's still a very nice one,fit well thick ones still nice one
Home_and_Kitchen_5,5.0,1,"These icetrays really are easy-release, and have the design to make them work.
",icetrays really easyrelease design make work
Home_and_Kitchen_5,1.0,1,"The scale is not accurate, it is just a bit too large.

The scale has a",scale accurate bit large scale
Home_and_Kitchen_5,5.0,1,I use this for doing some laundry and it's a good size.  It's been a couple,use laundry good size couple
Home_and_Kitchen_5,3.0,1,"These sheets are very thin, and have a wide opening. I will be purchasing a different size for",sheets thin wide opening purchasing different size
Home_and_Kitchen_5,5.0,1,"These are exactly what I needed. The only problem is that they are small, and the one I",exactly needed problem small one
Home_and_Kitchen_5,2.0,1,Loved it. Stopped working within a week and the only thing I did was turn it off,loved stopped working within week thing turn
Home_and_Kitchen_5,5.0,1,"Love it, and so will my wife and I. Very good quality.",love wife good quality
Home_and_Kitchen_5,5.0,1,"Make sure you follow,the directions are very easy to follow. I will keep my review for the",make sure followthe directions easy follow keep review
Home_and_Kitchen_5,5.0,1,"The cushion works well for what it is intended to do.

The only reason I gave it",cushion works well intended reason gave
Home_and_Kitchen_5,4.0,0,doesn't last very long. you can only burn so long before it won't float.,doesnt last long burn long wont float
Home_and_Kitchen_5,5.0,0,I use to make beer can chicken on the smoker.  Cleans up easily.,use make beer chicken smoker cleans easily
Home_and_Kitchen_5,5.0,0,"Soft, soft, soft.  We love them.  We would order again without hesitation.",soft soft soft love would order without hesitation
Home_and_Kitchen_5,5.0,0,Perfect small scale! Easy to use and compact size makes it convenient for travel.,perfect small scale easy use compact size makes convenient travel
Home_and_Kitchen_5,5.0,0,I love this pitcher! Perfect for tea and it doesn't drip all over everything!,love pitcher perfect tea doesnt drip everything
Home_and_Kitchen_5,5.0,0,every bit as good as the name brand; do not hesitate to get these!,every bit good name brand hesitate get
Home_and_Kitchen_5,5.0,0,Perfect size for my kitchen.  Easy to assemble. Very happy with this cart!,perfect size kitchen easy assemble happy cart
Home_and_Kitchen_5,3.0,0,Didn't really help make a difference.  Must be time for a new robot,didnt really help make difference must time new robot
Home_and_Kitchen_5,5.0,0,These hooks are gorgeous! They really add an elegant touch to my shower curtain.,hooks gorgeous really add elegant touch shower curtain
Home_and_Kitchen_5,5.0,0,"Love the color. Love that it is lightweight.
The bowls are much larger than expected.",love color love lightweight bowls much larger expected
Home_and_Kitchen_5,5.0,0,"This item's bulky for a small apartment counter top, but works like a charm!",items bulky small apartment counter top works like charm
Home_and_Kitchen_5,5.0,0,"Love, love, love this coffee maker. It is the perfect size for my RV.",love love love coffee maker perfect size rv
Home_and_Kitchen_5,4.0,0,Works well even when only partially submerged. Makes frothing easy for beginners like me.,works well even partially submerged makes frothing easy beginners like
Home_and_Kitchen_5,4.0,0,Went together OK and looks good in the corner. The color is very dark,went together ok looks good corner color dark
Home_and_Kitchen_5,5.0,0,You rarely have to use the AC if you live somewhere with no humidity.,rarely use ac live somewhere humidity
Home_and_Kitchen_5,5.0,0,"GIFT FOR HUSBAND, HAS SHARPENED EVERY KNIFE IN THE HOUSE. WORKS WELL, NO PROBLEMS",gift husband sharpened every knife house works well problems
Home_and_Kitchen_5,5.0,0,"These are nice towels. Absorbs well.
Getting ready to see if they come in gray",nice towels absorbs well getting ready see come gray
Home_and_Kitchen_5,4.0,0,Nice product have not had much experience with this thing the roller is awesome..,nice product much experience thing roller awesome
Home_and_Kitchen_5,4.0,0,Plastic a little flimsy but it does hold many photos and keeps them safe,plastic little flimsy hold many photos keeps safe
Home_and_Kitchen_5,5.0,0,This knife sharpener works really well I also sharpen my sewing scissors with it,knife sharpener works really well also sharpen sewing scissors
Home_and_Kitchen_5,5.0,0,This product is sturdy and has a nice design.  Will last and last.,product sturdy nice design last last
Home_and_Kitchen_5,4.0,0,Decent for the price. I am using it behind my love seat...so it works.,decent price using behind love seatso works
Home_and_Kitchen_5,4.0,0,"Definitely not water proof but worth the price, keeps the dust and dirt away.",definitely water proof worth price keeps dust dirt away
Home_and_Kitchen_5,3.0,0,Very nice but you have to be careful in handling. The edges crack easily.,nice careful handling edges crack easily
Home_and_Kitchen_5,5.0,0,Had a mismatched header vs bed frame.  This worked great! Have recommended since!,mismatched header vs bed frame worked great recommended since
Home_and_Kitchen_5,5.0,0,It was a gift for my daughter and she said it really works well.,gift daughter said really works well
Home_and_Kitchen_5,3.0,0,"kind of cheap, really thin metal, does the trick.
Exactly what youd expect for $1.99.",kind cheap really thin metal trick exactly youd expect
Home_and_Kitchen_5,5.0,0,"Love this product, wish it had built in razor for cutting, otherwise I'm happy",love product wish built razor cutting otherwise im happy
Home_and_Kitchen_5,5.0,0,cute - my granddaughter is 3 & has it in her play kitchen set,cute granddaughter play kitchen set
Home_and_Kitchen_5,5.0,0,A gift for my granddaughter after she saw mine and we both love them.,gift granddaughter saw mine love
Home_and_Kitchen_5,5.0,0,This worked great for my skin and my hair! Definitely recommend it to others!,worked great skin hair definitely recommend others
Home_and_Kitchen_5,5.0,0,"Simply put, they are fantastic.  Very happy with my purchase!  Thank you!",simply put fantastic happy purchase thank
Home_and_Kitchen_5,5.0,0,"Easy to cut, let the right amount of light in and keeps peepers out.",easy cut let right amount light keeps peepers
Home_and_Kitchen_5,5.0,0,My wife and I put this together rather quickly and it looks really good!,wife put together rather quickly looks really good
Home_and_Kitchen_5,5.0,0,Good price and they look lovely on my windows.  I've gotten many compliments.,good price look lovely windows ive gotten many compliments
Home_and_Kitchen_5,5.0,0,These are great. The mounts hold the bottle well and they come out easy.,great mounts hold bottle well come easy
Home_and_Kitchen_5,5.0,0,all the carts I got where well worth the money I paidi for them,carts got well worth money paidi
Home_and_Kitchen_5,5.0,0,Enhances the mood while purifying the air. Doubles as a beautiful night light too!,enhances mood purifying air doubles beautiful night light
Home_and_Kitchen_5,1.0,0,DON'T BEND THEM OR THEY WILL SPLIT.  THEY NEED TO BE MORE RESILIENT.,dont bend split need resilient
Home_and_Kitchen_5,5.0,0,Doesn't get any better than this.  Outstanding quality.  Just the right size.,doesnt get better outstanding quality right size
Home_and_Kitchen_5,5.0,0,these frames were awesome for the price. love the mat that is included.,frames awesome price love mat included
Home_and_Kitchen_5,5.0,0,Excellent!! My husband also uses it to find tiny bolts dropped on the carpet...,excellent husband also uses find tiny bolts dropped carpet
Home_and_Kitchen_5,5.0,0,"Excellent mug, great detail, just as pictured and just as described, works as expected",excellent mug great detail pictured described works expected
Home_and_Kitchen_5,4.0,0,This seems to work pretty well - though it could be a bit bigger.,seems work pretty well though could bit bigger
Home_and_Kitchen_5,5.0,1,cleaned my knives real fast and it was a breeze. I will keep my knives in the drawer,cleaned knives real fast breeze keep knives drawer
Home_and_Kitchen_5,5.0,1,Beautiful little set!  Nice colors.  Love the colors!  Love that they are bright,beautiful little set nice colors love colors love bright
Home_and_Kitchen_5,5.0,1,This simple tool is awesome. I love the feel of the handle.,simple tool awesome love feel handle
Home_and_Kitchen_5,4.0,1,Nice little cooking pot.  We have had it for a few months now and have used it every,nice little cooking pot months used every
Home_and_Kitchen_5,2.0,1,Worked for awhile. Lasted only a couple weeks. Wife loved it.,worked awhile lasted couple weeks wife loved
Home_and_Kitchen_5,5.0,1,This is my 3rd steam kettle.  It has a good handle and is very quiet. ,rd steam kettle good handle quiet
Home_and_Kitchen_5,5.0,1,I love this stand mixer.  The quality is just what I wanted and the mixer is just what,love stand mixer quality wanted mixer
Home_and_Kitchen_5,5.0,1,Great little gadget! Bought one for my daughter and she loves it. She also loves the way the,great little gadget bought one daughter loves also loves way
Home_and_Kitchen_5,5.0,1,These sheets are so soft!  They are lightweight and comfortable.  I love that I can put,sheets soft lightweight comfortable love put
Home_and_Kitchen_5,5.0,1,I love these containers. Easy to store and the long handle makes it easy to move around. ,love containers easy store long handle makes easy move around
Home_and_Kitchen_5,5.0,1,Ive ordered this multiple times and it is the best. I will keep my review for sure.,ive ordered multiple times best keep review sure
Home_and_Kitchen_5,5.0,1,Love it. Cleans  easily. Love it. Love it.,love cleans easily love love
Home_and_Kitchen_5,5.0,1,"Wife loves it, especially with the size and the long handle.

The only reason I",wife loves especially size long handle reason
Home_and_Kitchen_5,4.0,1,one panel had small chip marks on the bottom and a small scratch on the inside.,one panel small chip marks bottom small scratch inside
Home_and_Kitchen_5,5.0,1,"I don't know what all the fuss is about, but I will say that it's a pretty",dont know fuss say pretty
Home_and_Kitchen_5,5.0,1,"A little pricey in the beginning, but after a few months it's still a must have for anyone",little pricey beginning months still must anyone
"Amazon Devices,mazon.co.uk",5.0,0.0,"I initially had trouble deciding between the paperwhite and the voyage because reviews more or less said the same thing: the paperwhite is great, but if you have spending money, go for the voyage.Fortunately, I had friends who owned each, so I ended up buying the paperwhite on this basis: both models now have 300 ppi, so the 80 dollar jump turns out pricey the voyage's page press isn't always sensitive, and if you are fine with a specific setting, you don't need auto light adjustment).It's been a week and I am loving my paperwhite, no regrets! The touch screen is receptive and easy to use, and I keep the light at a specific setting regardless of the time of day. (In any case, it's not hard to change the setting either, as you'll only be changing the light level at a certain time of day, not every now and then while reading).Also glad that I went for the international shipping option with Amazon. Extra expense, but delivery was on time, with tracking, and I didnt need to worry about customs, which I may have if I used a third party shipping service.",initially trouble deciding paperwhite voyage reviews less said thing paperwhite great spending money go voyagefortunately friends owned ended buying paperwhite basis models ppi dollar jump turns pricey voyages page press isnt always sensitive fine specific setting dont need auto light adjustmentits week loving paperwhite regrets touch screen receptive easy use keep light specific setting regardless time day case hard change setting either youll changing light level certain time day every readingalso glad went international shipping option amazon extra expense delivery time tracking didnt need worry customs may used third party shipping service
"Amazon Devices,mazon.co.uk",5.0,0.0,"Allow me to preface this with a little history. I am (was) a casual reader who owned a Nook Simple Touch from 2011. I've read the Harry Potter series, Girl with the Dragon Tattoo series, 1984, Brave New World, and a few other key titles. Fair to say my Nook did not get as much use as many others may have gotten from theirs.Fast forward to today. I have had a full week with my new Kindle Paperwhite and I have to admit, I'm in love. Not just with the Kindle, but with reading all over again! Now let me relate this review, love, and reading all back to the Kindle. The investment of 139.00 is in the experience you will receive when you buy a Kindle. You are not simply paying for a screen there is an entire experience included in buying from Amazon.I have been reading The Hunger Games trilogy and shall be moving onto the Divergent series soon after. Here is the thing with the Nook that hindered me for the past 4 years: I was never inspired to pick it up, get it into my hands, and just dive in. There was never that feeling of oh man, reading on this thing is so awesome. However, with my Paperwhite, I now have that feeling! That desire is back and I simply adore my Kindle. If you are considering purchasing one, stop thinking about it simply go for it. After a full week, 3 downloaded books, and a ton of reading, I still have half of my battery left as well.Make yourself happy. Inspire the reader inside of you.",allow preface little history casual reader owned nook simple touch ive read harry potter series girl dragon tattoo series brave new world key titles fair say nook get much use many others may gotten theirsfast forward today full week new kindle paperwhite admit im love kindle reading let relate review love reading back kindle investment experience receive buy kindle simply paying screen entire experience included buying amazoni reading hunger games trilogy shall moving onto divergent series soon thing nook hindered past years never inspired pick get hands dive never feeling oh man reading thing awesome however paperwhite feeling desire back simply adore kindle considering purchasing one stop thinking simply go full week downloaded books ton reading still half battery left wellmake happy inspire reader inside
"Amazon Devices,mazon.co.uk",4.0,0.0,I am enjoying it so far. Great for reading. Had the original Fire since 2012. The Fire used to make my eyes hurt if I read too long. Haven't experienced that with the Paperwhite yet.,enjoying far great reading original fire since fire used make eyes hurt read long havent experienced paperwhite yet
"Amazon Devices,mazon.co.uk",5.0,0.0,"I bought one of the first Paperwhites and have been very pleased with it its been a constant companion and I suppose Ive read, on average, a book every three days for the past however many years on it. I wouldnt give it up youd have to pry it from my cold dead fingers.For sundry logistical reasons, Ive also made good use of Amazons Kindle app on my iPhone. No Paperwhite screen, naturally, and all the cool usability that delivers, but it works well and has its own attractions as a companion to the Kindle.Of course, there are aspects of the Paperwhite which I would like to critique. Ah you knew that was coming somewhere, didnt you.As a member of BookBub, I get a daily list of alerts and book deals in my chosen genres. I take on many of them, however, Ive found that, even with the best will in the world, I cant keep up. Some days it seems that for every book I read, Ive bought two. Theres just so much good stuff out there! The accumulative effect of this is that the number of books actually on my Paperwhite has been creeping ever upward for some time. Its now at about 400.With this in mind, Ive noticed that while page-turning has remained exactly the same, just about every other action on the Kindle has become positively glacial. Not just very slow, but so slow you think its malfunctioning. The general consensus appears to be that its to be expected once one has that many books downloaded onto a Kindle, it will begin to behave in a flakey manner. This drives me mad. Amazon states it can hold thousands of books. I believe them. But I figure I would need a second Paperwhite to read while Im waiting for actions to complete on the first one.Read more",bought one first paperwhites pleased constant companion suppose ive read average book every three days past however many years wouldnt give youd pry cold dead fingersfor sundry logistical reasons ive also made good use amazons kindle app iphone paperwhite screen naturally cool usability delivers works well attractions companion kindleof course aspects paperwhite would like critique ah knew coming somewhere didnt youas member bookbub get daily list alerts book deals chosen genres take many however ive found even best world cant keep days seems every book read ive bought two theres much good stuff accumulative effect number books actually paperwhite creeping ever upward time mind ive noticed pageturning remained exactly every action kindle become positively glacial slow slow think malfunctioning general consensus appears expected one many books downloaded onto kindle begin behave flakey manner drives mad amazon states hold thousands books believe figure would need second paperwhite read im waiting actions complete first oneread
"Amazon Devices,mazon.co.uk",5.0,0.0,"I have to say upfront - I don't like coroporate, hermetically closed stuff like anything by Apple or in this case, Amazon. I like having devices on which I can put anything I want and use it. But...I was a fairly happy user of a Nook Touch for several years, but couldn't use all its functionalities since I live in Serbia. Then I lost the Nook and since no other devices can actually be fully used in Serbia (buying books with them, using their online capabilities) except the Kindle, and since no one except Amazon ships to Serbia, and since I've actually been a happy Amazon customer since 2005 over friends' accounts and since 2007 through my own, and since the Kindle definitely has the best technology - why not buy itSo I did. What I read in many reviews about the screen/light of the Paperwhite and similar devices was no problem with mine. The light disperses just fine, except a few black blotches (maybe you can see it in the picture) at the bottom of the screen, which are actually shadows of the black plastic casing and thus can't really be avoided. As you can see in the picture without the light - there are no blotches with light out.The Paperwhite's screen is just marvelous at 300 ppi, the touchscreen works just fine, the store works here in Serbia, and in these two days I've been using it, I'm a happy guy.I had to get the hang on how to make sideloaded books behave at least almost like Amazon books, but that's fine. That's the one thing I'd like to see Amazon do in some future upgrades: make the Kindle treat sideloaded books just like the ones bought from them directly, with sharing funcion (quotes and Goodreads) enabled and so on.The size is perfect, it sits very well in the hand, the light doesn't hurt the eyes in the dark (like the light on a tab does)... the packaging was fine, no problems there and what remains to be seen now is the battery life.So far, I can only recommend it.",say upfront dont like coroporate hermetically closed stuff like anything apple case amazon like devices put anything want use buti fairly happy user nook touch several years couldnt use functionalities since live serbia lost nook since devices actually fully used serbia buying books using online capabilities except kindle since one except amazon ships serbia since ive actually happy amazon customer since friends accounts since since kindle definitely best technology buy itso read many reviews screenlight paperwhite similar devices problem mine light disperses fine except black blotches maybe see picture bottom screen actually shadows black plastic casing thus cant really avoided see picture without light blotches light outthe paperwhites screen marvelous ppi touchscreen works fine store works serbia two days ive using im happy guyi get hang make sideloaded books behave least almost like amazon books thats fine thats one thing id like see amazon future upgrades make kindle treat sideloaded books like ones bought directly sharing funcion quotes goodreads enabled onthe size perfect sits well hand light doesnt hurt eyes dark like light tab packaging fine problems remains seen battery lifeso far recommend
"Amazon Devices,mazon.co.uk",4.0,0.0,"Had older model, that you could text to speech, this one hasn't. Liked the smaller size, but having to buy a different cover! Still getting used to shelf quite different from my 4 year old model.Paper white is nice reading.",older model could text speech one hasnt liked smaller size buy different cover still getting used shelf quite different year old modelpaper white nice reading
"Amazon Devices,mazon.co.uk",5.0,0.0,"This is a review of the Kindle Paperwhite launched July 2015. Essentially. the same as the previous Kindle Paperwhite but with a fantastic upgraded (300 dpi) screen, more memory and storage it's a terrific reading device. This review aims to describe both this product, and compare it with the other Kindle devices available to help you choose the best one for you.Before I start, Ive noticed several complains about Kindle not supporting the ePub format used by Canadian public libraries. Dont be put off, theres a solution in the Frequently Asked Questions section below.This review is broken up into sections so you can skip the less interesting bits. If youre in a hurry Ive included a summary at the start, and a Frequently Asked Questions section at the end.Summary - What can you do with it-----------------------------------------* Read a book. It can store 1,000s of books - take an entire library away with you on holiday.* Buy a book. You can browse the Amazon kindle store, and buy books over a WIFI connection* Borrow a book. Using the Kindle Owners Library you can borrow one of 60,000 books (if you have Amazon Prime Membership)* Share your books. Using Amazon Family Library to link two Amazon accounts and four children and share your books with the entire family* Highlight a section. Using the touch screen, you can highlight a particulary interesting few lines. If several people highlight the same section, that's also indicated.* Record a bookmark. To come back to it later* Read a book on your Kindle, continue on your smartphone or tablet computer, and it will jump to your last known position* Look up a word, and record them in the vocabulary builder* Track a characters appearance throughout a book using the X Ray feature.* Read for weeks without needing to recharge - typically 4-6 weeks* Share you books (Multiple Kindles on the same account, or family sharing)* Access every book you've ever owned on the cloud - available for download within seconds over WIFI or 3G..What Devices are available--------------------------------As of July 2015, Amazon have the following Kindle devices on sale:-1. Kindle 6 (around CDN 79)2. Kindle Paperwhite 6th Generation (212 dpi - launched October 2013) - around CDN 1292. New Kindle Paperwhite 7th Gen (300 dpi - launched July 2015) - around CDN 139-2093. Kindle Voyger - around US 219-289 (Doesnt seem to be on sale in Amazon Canada)4. Kindle Fire - 6 or 7 colour tablet computers at around CDN 300-400So you're faced with a few devices, plus additional options. Which to buy Here's a quick summary in order of cost.*** The entry level Kindle ***An entry level black and white (e-ink) book reader, it has a 6 inch touch screen with enough storage to hold thousands of books, and a battery which should last around 4 weeks.A terrific device to read books, and a worthy contender. For the technically minded, it has a 1Ghz processor and 4Gb of memory with an E-ink display. Essentially this means it's (a) Black and White (b) Fantastic to read even in bright sunlight (c) Requires very little power - hence the battery lasts for weeks instead of hours.*** New Kindle Paperwhite ***Launched in 2015, this is really an upgrade adding a super-sharp display with 300 pixels per inch - the same as the top of the range Voyage. The high resolution screen does provide a crisp text which is pleasing to the eye, but battery life is reduced from 8 weeks of the original Paperwhite to 6 weeks - but still a very long time.Compared to the existing (2013) Paperwhite it also includes double the memory which means its faster and slicker than before, and a new Bookerly font plus better presentation of fonts on screen.If you have an existing Paperwhite its probably not worth upgrading. However, if you own a prior device, youll notice the huge leap in screen quality, contrast and performance.*** The Voyage ***Far more expensive that Paperwhite, this is thinner and 26g lighter. It has more of a quality feel with the screen flush with the e-reader body which makes it look more like a tablet, and keeps dirt from getting caught in the edges. The back has a soft touch plastic finish which feels lovely in the hand, and it has new Page Press buttons on the side to turn the pages. When the buttons are pressed theres a gentle vibration for feedback (nice touch). It has 4Gb of storage (same as the Paperwhite), and a similar battery which should last around 6 weeks on a single charge.Although it has the same sharp (300 dpi) screen as the Paperwhite, the backlight includes an ambient light sensor so it automatically adjusts to different lighting conditions. This means if you read it the dark it will automatically adjust the brightness so it doesnt look too bright. In addition, youll find when you switch off the room light your eyes naturally become accustomed to the darkness. To compensate, the Voyage automatically softens the light slightly. A lovely example of attention to detail in this premium device.*** Kindle Fire Tablet Computer ***The Kindle Fire range is a very different beast to the rest of the Kindle range. Similar to the Apple iPad mini, it has a high resolution screen, a fast processor and lots of memory with a colour screen and a much shorter battery life - hours rather than weeks. Although you can read books on a Fire using the Amazon Kindle App, youll find the Kindle with its sharp black and white screen far more like reading a physical book. Youll find it produces less eye strain, and whereas a tablet computer is better suited to surfing the web, watching videos and reading eMails, the Kindle is a dedicated book reader device.Unlike a Kindle, the Fire produces light at the blue end of the spectrum which means it may make it harder for you to sleep. The Paperwhite and Voyage also ave the advantage of a soft white back-light which is far more suited to reading in bed, and it wont for example, wake your partner if reading in the dark.Finally, unlike the rest of the Kindle range, the Fire is almost useless in bright sunlight so while its fine for everyday use, its less useful on holiday. The Kindle range of devices are perfect to take away on holiday as they can carry thousands of books, and are a pleasure to read even in bright sunlight.What other options do I have----------------------------------Having decided upon the model (Kindle, Paperwhite, Voyage or Fire), the next decision is around:-* Special Offers - ie. adverts* 3G or WIFI connectionPersonally I have no issue with adverts on a Kindle. They only appear on screen when the screen saver is on, and are not at all distracting.The 3G option is a more difficult question. This effectively means you can use your kindle to buy or download books over-the-air instead of at home or near a WIFI hotspot. Personally I went for the WIFI model as the saving is considerable, but its a personal choice. Of course if you wont have WIFI at home, then youll need the 3G option.One point worth mentioning however, is if you have a modern smartphone, you can always create a Personal Hotspot or local WIFI signal that your Kindle (or indeed any other WIFI device) can connect to. Got to Settings Personal Hotspot on your mobile to set one up, and you can connect your WIFI only Kindle while youre out and about.Conclusion-------------If you love books but your on a budget, the original Kindle with WIFI and special offers is a great option. Youll still be able to carry thousands of book around with you, but youll lose out on the soft white back-light and super crisp display of the Papwerwhite.The Kindle Paperwhite is your next best option and is a terrific device for reading with a superb 300 dpi super-sharp screen. Finally, theres the top of the range Voyage with the page press buttons and ambient light sensor which automatically adjusts the brightness.If youre in the market for a Tablet Computer then the Kindle Fire range is worth considering, but youll get a better book reading experience on the Kindle. Myself I have both a Paperwhite and an iPad Air 2. I was skeptical at first, but the Kindle is a perfect device for reading with one hand (on the train), and the back-light and long battery life a huge bonus.Frequently Asked Questions---------------------------------Q: What file format will a Kindle readA: Kindle Format 8 (AZW3), Kindle (AZW), TXT, PDF, unprotected MOBI, PRC natively in addition to HTML, DOC, DOCX, JPEG, GIF, PNG, BMP through conversionQ: What It doesnt support EPUB formatA: No - but you can convert your EPUB books using a freely available program called Calibre. Simple search for You Tube um0teoAR6zw and youll see a video explaining how to do this. Simples.Q: If I lose my Kindle, do I lose my books as wellA: No. All books are available on your Amazon account to download on a new device.Q: Can I save my place in the bookA: Yes. It will automatically save your place, and if you resume on other device it will prompt you to jump to that position.Q: I often need reading glasses - can I adjust the font sizeA: Yes. Theres a range of fonts, and sizes to suit all tastesQ: Can I share books with my partner or childrenA: Yes. You can now share your books using Amazon Family Library to link two Amazon accounts and four children and share your books with the entire familyQ. Can I use a Kindle to read in bedA. Yes. But only on the Paperwhite and Voyage models. Its a pleasure to read in the dark with a soft white light. For the base Kindle model youll need the light onQ. Are there any free books availableA. Yes! Over 40,000 classic titles are available for free (out of copyright), and they can be legally downloaded. If you have a Amazon Prime membership you can also borrow a book from the Kindle Owners Library which includes around 60,000 books.Q: How long does the battery lastA: Depending upon model, you should get between 4 and 6 weeks between charges on around 30 minutes of reading per day. Ive certainly found Ive gone for weeks without charging the deviceQ: How long does it take to chargeA: From absolutely flat, around 4 hoursQ: How many books will the Kindle holdA: Literally thousands. You can also download every book youve ever owned from your Amazon account - so the list is quite literally unlimited.Q: Do I need anything elseA: Youll need a smartphone charger or laptop with a USB socket as the Kindle range doesnt come with a charger (but the Fire does). Amazon also offer an additional charger to buy if you need it. Some people also buy a cover, but I think this is not really needed. It adds to the weight, and is not really needed. It will protect your Kindle from a drop however, and protect the screen if its left knocking around in a bag.",review kindle paperwhite launched july essentially previous kindle paperwhite fantastic upgraded dpi screen memory storage terrific reading device review aims describe product compare kindle devices available help choose best one youbefore start ive noticed several complains kindle supporting epub format used canadian public libraries dont put theres solution frequently asked questions section belowthis review broken sections skip less interesting bits youre hurry ive included summary start frequently asked questions section endsummary read book store books take entire library away holiday buy book browse amazon kindle store buy books wifi connection borrow book using kindle owners library borrow one books amazon prime membership share books using amazon family library link two amazon accounts four children share books entire family highlight section using touch screen highlight particulary interesting lines several people highlight section thats also indicated record bookmark come back later read book kindle continue smartphone tablet computer jump last known position look word record vocabulary builder track characters appearance throughout book using x ray feature read weeks without needing recharge typically weeks share books multiple kindles account family sharing access every book youve ever owned cloud available download within seconds wifi gwhat devices availableas july amazon following kindle devices sale kindle around cdn kindle paperwhite th generation dpi launched october around cdn new kindle paperwhite th gen dpi launched july around cdn kindle voyger around us doesnt seem sale amazon canada kindle fire colour tablet computers around cdn youre faced devices plus additional options buy heres quick summary order cost entry level kindle entry level black white eink book reader inch touch screen enough storage hold thousands books battery last around weeksa terrific device read books worthy contender technically minded ghz processor gb memory eink display essentially means black white b fantastic read even bright sunlight c requires little power hence battery lasts weeks instead hours new kindle paperwhite launched really upgrade adding supersharp display pixels per inch top range voyage high resolution screen provide crisp text pleasing eye battery life reduced weeks original paperwhite weeks still long timecompared existing paperwhite also includes double memory means faster slicker new bookerly font plus better presentation fonts screenif existing paperwhite probably worth upgrading however prior device youll notice huge leap screen quality contrast performance voyage far expensive paperwhite thinner g lighter quality feel screen flush ereader body makes look like tablet keeps dirt getting caught edges back soft touch plastic finish feels lovely hand new page press buttons side turn pages buttons pressed theres gentle vibration feedback nice touch gb storage paperwhite similar battery last around weeks single chargealthough sharp dpi screen paperwhite backlight includes ambient light sensor automatically adjusts different lighting conditions means read dark automatically adjust brightness doesnt look bright addition youll find switch room light eyes naturally become accustomed darkness compensate voyage automatically softens light slightly lovely example attention detail premium device kindle fire tablet computer kindle fire range different beast rest kindle range similar apple ipad mini high resolution screen fast processor lots memory colour screen much shorter battery life hours rather weeks although read books fire using amazon kindle app youll find kindle sharp black white screen far like reading physical book youll find produces less eye strain whereas tablet computer better suited surfing web watching videos reading emails kindle dedicated book reader deviceunlike kindle fire produces light blue end spectrum means may make harder sleep paperwhite voyage also ave advantage soft white backlight far suited reading bed wont example wake partner reading darkfinally unlike rest kindle range fire almost useless bright sunlight fine everyday use less useful holiday kindle range devices perfect take away holiday carry thousands books pleasure read even bright sunlightwhat options havehaving decided upon model kindle paperwhite voyage fire next decision around special offers ie adverts g wifi connectionpersonally issue adverts kindle appear screen screen saver distractingthe g option difficult question effectively means use kindle buy download books overtheair instead home near wifi hotspot personally went wifi model saving considerable personal choice course wont wifi home youll need g optionone point worth mentioning however modern smartphone always create personal hotspot local wifi signal kindle indeed wifi device connect got settings personal hotspot mobile set one connect wifi kindle youre aboutconclusionif love books budget original kindle wifi special offers great option youll still able carry thousands book around youll lose soft white backlight super crisp display papwerwhitethe kindle paperwhite next best option terrific device reading superb dpi supersharp screen finally theres top range voyage page press buttons ambient light sensor automatically adjusts brightnessif youre market tablet computer kindle fire range worth considering youll get better book reading experience kindle paperwhite ipad air skeptical first kindle perfect device reading one hand train backlight long battery life huge bonusfrequently asked questionsq file format kindle reada kindle format azw kindle azw txt pdf unprotected mobi prc natively addition html doc docx jpeg gif png bmp conversionq doesnt support epub formata convert epub books using freely available program called calibre simple search tube umteoarzw youll see video explaining simplesq lose kindle lose books wella books available amazon account download new deviceq save place booka yes automatically save place resume device prompt jump positionq often need reading glasses adjust font sizea yes theres range fonts sizes suit tastesq share books partner childrena yes share books using amazon family library link two amazon accounts four children share books entire familyq use kindle read beda yes paperwhite voyage models pleasure read dark soft white light base kindle model youll need light onq free books availablea yes classic titles available free copyright legally downloaded amazon prime membership also borrow book kindle owners library includes around booksq long battery lasta depending upon model get weeks charges around minutes reading per day ive certainly found ive gone weeks without charging deviceq long take chargea absolutely flat around hoursq many books kindle holda literally thousands also download every book youve ever owned amazon account list quite literally unlimitedq need anything elsea youll need smartphone charger laptop usb socket kindle range doesnt come charger fire amazon also offer additional charger buy need people also buy cover think really needed adds weight really needed protect kindle drop however protect screen left knocking around bag
"Amazon Devices,mazon.co.uk",5.0,0.0,"I love my kindle! I got one for my fiance on his birthday, he loved it!!!!!!! so I decided to get one for myself as well and I am glad I did. It is very easy to read books in it. I LOVE the dictionary on this little device. Normally I just skip a word I don't know the meaning of and try to guess what it means in the context but with kindle, I just press and hold my finger on the word I don't know and translation pops up! so essentially, the meaning of a new word is at your finger tips! )If you love to read books, I highly recommend kindle.However, if you only read Manga or Comic books, if you are a fan of buying how to draw, how to sew books I do not recommend kindle for you. It is not easy to navigate trough pictures and slides.So if you are a fan of reading novels just buy it now!If you are a manga fan, just buy your manga books from bookstores.",love kindle got one fiance birthday loved decided get one well glad easy read books love dictionary little device normally skip word dont know meaning try guess means context kindle press hold finger word dont know translation pops essentially meaning new word finger tips love read books highly recommend kindlehowever read manga comic books fan buying draw sew books recommend kindle easy navigate trough pictures slidesso fan reading novels buy nowif manga fan buy manga books bookstores
"Amazon Devices,mazon.co.uk",4.0,0.0,"Vraiment bon petit appareil , lger et facile d emploiJ ai hte de m en servir sur les plages cet hiverBelle bibliothque de livres disponiblesBon achat en bref",vraiment bon petit appareil lger et facile emploij ai hte de en servir sur les plages cet hiverbelle bibliothque de livres disponiblesbon achat en bref
"Amazon Devices,mazon.co.uk",5.0,0.0,"Exactly what it is supposed to be. Works great and I love the built-in light. Perfect reader, and very quick delivery.",exactly supposed works great love builtin light perfect reader quick delivery
"Amazon Devices,mazon.co.uk",4.0,0.0,"Trs heureux que les livres soient sur Icloud. Aprs m'tre fait voler, c'est bien de pouvoir retrouver tous mes livres avec toutes les notes que j'avais prises.",trs heureux que les livres soient sur icloud aprs mtre fait voler cest bien de pouvoir retrouver tous mes livres avec toutes les notes que javais prises
"Amazon Devices,mazon.co.uk",4.0,0.0,"Only 4 stars because I found it very confusing at first. I had a Kindle before found it very easy to find what I needed to do. The user guide didn't really answer my questions, but I persisted am getting used to it. I really love the backlit screen no buttons to push to change pages. At first I wasn't sure about the smaller screen, but didn't take long to get over that. I'm sure I'm just a creature of habit not very techy. All in all, the Kindle Paperwhite is great.",stars found confusing first kindle found easy find needed user guide didnt really answer questions persisted getting used really love backlit screen buttons push change pages first wasnt sure smaller screen didnt take long get im sure im creature habit techy kindle paperwhite great
"Amazon Devices,mazon.co.uk",5.0,0.0,"Almost like reading a real book. Don't is crisp, sharp and easy to read. I've held out from buying a reader for years because I could never quite get past the fact it wasn't a book. With this new kindle I don't even notice, I am immediately immersed. Wildly better than I expected.",almost like reading real book dont crisp sharp easy read ive held buying reader years could never quite get past fact wasnt book new kindle dont even notice immediately immersed wildly better expected
"Amazon Devices,mazon.co.uk",5.0,0.0,"I already had an original Kindle Paperwhite and loved it. Buying this in addition seemed like a bit of an indulgence but I am so pleased I made this move. I love the new font and the clarity of the screen. I love that the Kindle comes to life when I open the cover (I bought a new cover with the magnetic clasp). While there is nothing dramatic about the evolving of the Kindle there are enough changes and improvements for me to feel I have made a great purchase which I am happy with. I also have a bunch of books from my Amazon.co.uk site which I access on my 'old' Kindle (I couldn't work out how, if at all, I can move books from one Amazon jurisdiction to another) so this has proved a good purchase all round.",already original kindle paperwhite loved buying addition seemed like bit indulgence pleased made move love new font clarity screen love kindle comes life open cover bought new cover magnetic clasp nothing dramatic evolving kindle enough changes improvements feel made great purchase happy also bunch books amazoncouk site access old kindle couldnt work move books one amazon jurisdiction another proved good purchase round
"Amazon Devices,mazon.co.uk",5.0,0.0,Received my new kindle in perfect condition and I am very happy it is faster and a clearer it has a. bigger had drive at a good price and a fast delivery that you can count on you can not go wrongThank you,received new kindle perfect condition happy faster clearer bigger drive good price fast delivery count go wrongthank
"Kindle Store,Amazon Devices,Electronics",4.0,0.0,"I'm a first-time Kindle owner, so I have nothing to compare the latest Kindle to. I don't own a Nook. I don't own an iPad (and, in any case, that's comparing apples to oranges). I don't have a Sony e-reader. 'This will be a short, simple review.I received my Kindle about a week ago and haven't been able to put it down.Things I like about my Kindle1. The e-ink display is amazing.2. Using the 5-way controller is simple and effective.3. Page turn speeds are faster than I thought they would be.4. It's lightweight, even with the attached cover (I have an Amazon cover with a built-in light)5. Page-turning buttons are quiet and well-placed.6. Recharge time is fast.7. I can order a book and start reading it in less than 60 seconds. Nice!8. Portability... I can take 3,000 books with me when I travel for work and not require additional suitcases or baggage fees.Things I'm not too keen on1. Buttons are too close together and are laid out oddly.2. Lack of individual number buttons is frustrating.3. Power button on the bottom Not a bad thing. Just an odd thing. (Same for the headphone input). I usually rest the bottom of a book on my lap when I read.Things I hope change in the future1. How books are organized... When I put a book in a collection (which is actually a tag), it still appears in the main list. It's not actually moved, it's merely associated.2. The look of the main screen. I'd like folders or some other way to display collections.3. Ability to create personal screen savers.4. E-book pricing, though Amazon has little control over this. Still, most titles are the same price as or less than their hardback/paperback counterparts.Read more",im firsttime kindle owner nothing compare latest kindle dont nook dont ipad case thats comparing apples oranges dont sony ereader short simple reviewi received kindle week ago havent able put downthings like kindle eink display amazing using way controller simple effective page turn speeds faster thought would lightweight even attached cover amazon cover builtin light pageturning buttons quiet wellplaced recharge time fast order book start reading less seconds nice portability take books travel work require additional suitcases baggage feesthings im keen buttons close together laid oddly lack individual number buttons frustrating power button bottom bad thing odd thing headphone input usually rest bottom book lap readthings hope change future books organized put book collection actually tag still appears main list actually moved merely associated look main screen id like folders way display collections ability create personal screen savers ebook pricing though amazon little control still titles price less hardbackpaperback counterpartsread
"Kindle Store,Amazon Devices,Electronics",5.0,0.0,"UPDATE NOVEMBER 2011:My review is now over a year old, as is the Kindle Keyboard as Amazon calls it now. There are newer models: the basic, cheapie Kindle and the Kindle Touch, and of course the Kindle Fire quasi-tablet.Each of these models is an excellent choice. Whichever one is right for you just depends on your preferences.The 3 e-ink Kindles are Kindle Keyboard (this one), Kindle Touch (the newest flagship model), and the basic Kindle. All 3 of them have EXACTLY THE SAME 6 DISPLAY, with the same sharp typeface and high contrast that reads like ink on paper with no eyestrain. The Kindle Keyboard is the oldest of these models, and I got one of the first ones when they came out in August 2010.I still absolutely LOVE my Kindle Keyboard and use it almost every day. I have read dozens of books on it. I like the newer models, they have some neat features, but the experience of reading a book on them is no better or worse than on my 1-year-old Kindle Keyboard. Page turns are now smoother and faster on the newest Kindles, but the difference is not enough to make it worth the cost of upgrading, in my opinion.The touch-screen interface of the Kindle Touch is pretty neat. But, unlike my iPad, I only use my Kindle to read books, and reading books is just as nice on any of the current Kindle models. I don't consider the touch screen a must have feature, and I'm normally obsessed with having the latest version of every tech product I own.For that reason, I think the cheapest Kindle is an excellent choice.Read more",update november review year old kindle keyboard amazon calls newer models basic cheapie kindle kindle touch course kindle fire quasitableteach models excellent choice whichever one right depends preferencesthe eink kindles kindle keyboard one kindle touch newest flagship model basic kindle exactly display sharp typeface high contrast reads like ink paper eyestrain kindle keyboard oldest models got one first ones came august still absolutely love kindle keyboard use almost every day read dozens books like newer models neat features experience reading book better worse yearold kindle keyboard page turns smoother faster newest kindles difference enough make worth cost upgrading opinionthe touchscreen interface kindle touch pretty neat unlike ipad use kindle read books reading books nice current kindle models dont consider touch screen must feature im normally obsessed latest version every tech product ownfor reason think cheapest kindle excellent choiceread
"Categories,Amazon Devices,Streaming Media Players",4.0,0.0,"Having received my Fire TV today, I've been trying it out for the past couple of hours.Setup was a no brainer. It required an update immediately so it did take about 15 minutes to have it in action but the process was very simple.The image quality (movies and games) is excellent. I've tried several movies from Amazon Prime and they look and sound nearly Blu Ray quality as far as I can tell.Navigation is very straightforward and it's generally easy to find anything you're looking for. Installation of games and apps goes very smoothly and generally pretty quickly.The remote works very well. I haven't played with the voice search feature much yet, but when I have tried it, it worked well. The buttons on the remote are well thought out and I prefer it to the Apple TV remote.I only have one gripe. As far as I can tell, there's no way to limit the list of movies and tv shows to what is available for Amazon Prime members. This makes it very inconvenient to find things that are free to watch. There are some categories that are limited to Prime (Most Popular on Prime, For Kids on Prime) I want to be able to just see what's available for Prime or at least be able to see by category what's available for Prime. I'm sure this isn't an oversight. I suspect Amazon wants to force us to look at everything and be tempted to buy/rent things but if they really want to compete with Netflix, they'll understand that we pay for our Prime membership to be able to watch free movies conveniently. A workaround is to do your searching on the web and then search specifically on the device.Perhaps I just haven't found the way to search for Prime available content. I hope that's the case or I will really be disappointed.Read more",received fire tv today ive trying past couple hourssetup brainer required update immediately take minutes action process simplethe image quality movies games excellent ive tried several movies amazon prime look sound nearly blu ray quality far tellnavigation straightforward generally easy find anything youre looking installation games apps goes smoothly generally pretty quicklythe remote works well havent played voice search feature much yet tried worked well buttons remote well thought prefer apple tv remotei one gripe far tell theres way limit list movies tv shows available amazon prime members makes inconvenient find things free watch categories limited prime popular prime kids prime want able see whats available prime least able see category whats available prime im sure isnt oversight suspect amazon wants force us look everything tempted buyrent things really want compete netflix theyll understand pay prime membership able watch free movies conveniently workaround searching web search specifically deviceperhaps havent found way search prime available content hope thats case really disappointedread
"Categories,Amazon Devices,Streaming Media Players",5.0,0.0,"I am not a casual user of on-demand content and devices. Having tried smart tv's from 3 brands, smart dvd/bluray players, Apple TV, WDTV, HTPC, Chromecast and too many other competing products to mention--for streaming content, before this box you really had two options (for a simple to use box that doesn't require additional items or tweaking):First is Apple TV which is easy to use (interface) but Apple limits the content you can get greatly (including no Prime Streaming built in) and it lacks a lot in features as well and is slow. The reason for selecting Apple TV is if you have other apple products that unlock features (like Amazon's content).The second option you could consider was Roku--which really means a Roku 3 box since it is heads and tails better than past Roku boxes in terms of remote and speed. Now Roku stands out with the most content and the most features of any box with the Roku 3. It is for that reason you will see me address the Roku 3 so often in this review.I have added quick summaries of other options to make sure everyone knows about the other options out there.WDTV: Are great for streaming your own content but not very user friendly.Chromecast: Is very cheap at 35 but requires other items to use (no remote included!), is limited to 16 channels according to their own site with other content broadcast via Chrome's browser not at the same quality level. This does allow you to browse the internet on your tv and is amazing for the cost but is more of a niche market than FireTV/Roku/Apple TV. But if you can live with the short comings, it is worth a look at 1/3 the price of these devices.Smart TVs: Most of these are FINE for occasional use but not nearly as pleasant to use daily like separate boxes.Read more",casual user ondemand content devices tried smart tvs brands smart dvdbluray players apple tv wdtv htpc chromecast many competing products mentionfor streaming content box really two options simple use box doesnt require additional items tweakingfirst apple tv easy use interface apple limits content get greatly including prime streaming built lacks lot features well slow reason selecting apple tv apple products unlock features like amazons contentthe second option could consider rokuwhich really means roku box since heads tails better past roku boxes terms remote speed roku stands content features box roku reason see address roku often reviewi added quick summaries options make sure everyone knows options therewdtv great streaming content user friendlychromecast cheap requires items use remote included limited channels according site content broadcast via chromes browser quality level allow browse internet tv amazing cost niche market firetvrokuapple tv live short comings worth look price devicessmart tvs fine occasional use nearly pleasant use daily like separate boxesread
"Categories,Amazon Devices,Streaming Media Players",5.0,0.0,"I'm your typical middle-aged woman - I don't game, and I'm not super tech-savvy by any means....so take this review for what it is. The Fire TV was easy to install and I'm loving all the features, free movies, music and simple interface - this thing even has a screen saver that comes on when you're listening to music! We've always just had our Comcast cable service without DVR and occasionally used Comcast OnDemand to watch/rent movies - but I'll never watch from Comcast again. The voice recognition software is amazing and brought me to exactly what I was looking for every single time I searched. It's just so easy to find what you're looking for (unlike Comcast), and since I'm an Amazon Prime member most of what I want to view is free - oh and for the new release movies the cost to rent from Amazon is on average cheaper than Comcast OnDemand by a 1 or more. So happy with this purchase!",im typical middleaged woman dont game im super techsavvy meansso take review fire tv easy install im loving features free movies music simple interface thing even screen saver comes youre listening music weve always comcast cable service without dvr occasionally used comcast ondemand watchrent movies ill never watch comcast voice recognition software amazing brought exactly looking every single time searched easy find youre looking unlike comcast since im amazon prime member want view free oh new release movies cost rent amazon average cheaper comcast ondemand happy purchase
"Categories,Amazon Devices,Streaming Media Players",4.0,0.0,"An Amazon.com official commented on this review(What's this) The Amazon team saysJuly 30, 2014Hi Dallas, thank you for sharing your feedback. We wanted to let you know that we made it easier to find your favorite Prime content with the click of your remote. You can now browse many more Prime-only categories, including Top Prime TV, Top Prime Movies, Prime TV for Kids, Prime Movies for Kids, Prime TV by Genre, and Prime Movies by Genre.",amazoncom official commented reviewwhats amazon team saysjuly hi dallas thank sharing feedback wanted let know made easier find favorite prime content click remote browse many primeonly categories including top prime tv top prime movies prime tv kids prime movies kids prime tv genre prime movies genre
Amazon Devices,5.0,0.0,"I'm a huge fan of the Echo family. I have two Echo's, three Dots and one Tap. No they aren't essential to my life but I love playing music, listening to the news and controlling the Philips Hue smart lights throughout my home. It was a large investment that most of the population won't make - with that being said I am not a huge fan of the way the hockey puck Dots look like. Glossy plastic looks a little cheap to me although it has no effect on the performance of them. Having the Dot cover is a great option and it looks fantastic.Some reviewers say they look cheap or fit too loose - I'm not sure why people are moving their Dots. Since Dots are made to be stationary, have a loose fitting cover isn't an issue. To me, it fits perfectly. They also aren't made of real fabric, but the important part is that it does look like the fabric in the picture. Not being fabric is a better option considering plastic is much more durable than material and will hold its color better if your Dot happens to get sunlight.I bought three covers - Blue, Grey and White. They all look good but the grey is my favorite as it doesn't attract more attention than it needs to. With that being said, I like all three colors.Edit 07/11/2017 - These covers hold up well over time. Mine haven't collected dust or faded. I've kept them on for over half a year and not a single issue (not that I'd expect any besides possible fading).",im huge fan echo family two echos three dots one tap arent essential life love playing music listening news controlling philips hue smart lights throughout home large investment population wont make said huge fan way hockey puck dots look like glossy plastic looks little cheap although effect performance dot cover great option looks fantasticsome reviewers say look cheap fit loose im sure people moving dots since dots made stationary loose fitting cover isnt issue fits perfectly also arent made real fabric important part look like fabric picture fabric better option considering plastic much durable material hold color better dot happens get sunlighti bought three covers blue grey white look good grey favorite doesnt attract attention needs said like three colorsedit covers hold well time mine havent collected dust faded ive kept half year single issue id expect besides possible fading
Amazon Devices,5.0,0.0,"I am thoroughly impressed with my Echo Dot and this case takes it to the next level by appearing as a much higher end product vs. a nerdy plastic computer sitting on your kitchen countertop. The construction is solid and it is slightly lifted to still allow audio access from the bottom of the Echo. This case/cover will give your Echo the needed extra touch allowing it to blend in, but still offer the great functionality of Alexa.",thoroughly impressed echo dot case takes next level appearing much higher end product vs nerdy plastic computer sitting kitchen countertop construction solid slightly lifted still allow audio access bottom echo casecover give echo needed extra touch allowing blend still offer great functionality alexa
Amazon Devices,4.0,0.0,"I love everything about this case except for how it fits on the Echo Dot. I was expecting a snug fit however, it is very lose and so you have to make sure that if you pick it up to move it (and the power cable is disconnected), the dot will fall out of the case.",love everything case except fits echo dot expecting snug fit however lose make sure pick move power cable disconnected dot fall case
Amazon Devices,5.0,0.0,"Major fan, didn't buy this because of protection, bought it cause it will blend in to my decor. It is not a skin, so it's not skin tight. Yes it's loose but how often will you grab it and move it. Me maybe once every year.",major fan didnt buy protection bought cause blend decor skin skin tight yes loose often grab move maybe every year
Amazon Devices,5.0,0.0,"Echo Dot in my GMC Sierra Denali. At first she was just there with no support. She sat in that hole with no protection. Shifting, jiggling not knowing what can happen. There has to be something I can do. I looked and search and what I found is the Fabric Case for Alexa. This is it! A support she will be happy to wear. No more accidental popping out, no more shifting and readjusting, she is finally safe.",echo dot gmc sierra denali first support sat hole protection shifting jiggling knowing happen something looked search found fabric case alexa support happy wear accidental popping shifting readjusting finally safe
Amazon Devices,5.0,0.0,Changes the whole look of the Echo ... after i purchased i think i should have gone with the tan leather. But blue is my favorite color and it adds a bit of a pop to a mundane looking black disk! The texture is also really nice feel and look to it!,changes whole look echo purchased think gone tan leather blue favorite color adds bit pop mundane looking black disk texture also really nice feel look
Amazon Devices,5.0,0.0,A great looking cover for the Echo Dot. It gives the Dot a softer and more elegant look. I feel that it is a little pricy for what you get but I do not regret my decision to buy this case.,great looking cover echo dot gives dot softer elegant look feel little pricy get regret decision buy case
Amazon Devices,5.0,0.0,This is perfect. A lot of people were commenting that the case falls off and it's not portable. That's not the intended use of the case. It is strictly for decorative use. It look great and comes in several color options. Would definitely purchase again.,perfect lot people commenting case falls portable thats intended use case strictly decorative use look great comes several color options would definitely purchase
Amazon Devices,5.0,0.0,"I'm a huge fan of the Echo family. I have two Echo's, three Dots and one Tap. No they aren't essential to my life but I love playing music, listening to the news and controlling the Philips Hue smart lights throughout my home. It was a large investment that most of the population won't make - with that being said I am not a huge fan of the way the hockey puck Dots look like. Glossy plastic looks a little cheap to me although it has no effect on the performance of them. Having the Dot cover is a great option and it looks fantastic.Some reviewers say they look cheap or fit too loose - I'm not sure why people are moving their Dots. Since Dots are made to be stationary, have a loose fitting cover isn't an issue. To me, it fits perfectly. They also aren't made of real fabric, but the important part is that it does look like the fabric in the picture. Not being fabric is a better option considering plastic is much more durable than material and will hold its color better if your Dot happens to get sunlight.I bought three covers - Blue, Grey and White. They all look good but the grey is my favorite as it doesn't attract more attention than it needs to. With that being said, I like all three colors.",im huge fan echo family two echos three dots one tap arent essential life love playing music listening news controlling philips hue smart lights throughout home large investment population wont make said huge fan way hockey puck dots look like glossy plastic looks little cheap although effect performance dot cover great option looks fantasticsome reviewers say look cheap fit loose im sure people moving dots since dots made stationary loose fitting cover isnt issue fits perfectly also arent made real fabric important part look like fabric picture fabric better option considering plastic much durable material hold color better dot happens get sunlighti bought three covers blue grey white look good grey favorite doesnt attract attention needs said like three colors
Amazon Devices,4.0,0.0,"I am updating my review from two months ago.. My initial review for the sling cover was based on first impressions after just receiving it. Today I have been using the Tap and sling daily for over the last two months and I felt like I needed to modify my review. I originally did not recommend this product, but after living with it, and growing to like it, I am changing my recommendation.The truth is, the base and top feel more protected than the appearance would have you believe. I have dropped it a couple times and it was protected by the sling. I think the rubber absorbs most of the force of the fall. Also, it has been sat into a puddle and the bottom is protected by the rubber sling.I initially was upset by the sling preventing me from charging on the charging dock, but it isn't as big of a problem as I thought it would be. I just pull off the bottom of the sling and charge it (leaving the top of the sling on). easy off and easy back on after.My only real lingering complaint would be the price. 20 for essentially a thin piece of rubber wrapping the top and bottom still seems a little excessive. I am increasing my stars by one. Really the price is the only thing keeping this from a 5 star for me. I have come to really like the sling. I have also bought a cheap pouch to throw it into while transporting it. That has eased my concerns about keeping it clean/safe while throwing it into a work bag.My original is below. Overall, I would (and have) recommended the sling to protect the Tap.Received the Tap and the Sling cover in the last 24 hours.Read more",updating review two months ago initial review sling cover based first impressions receiving today using tap sling daily last two months felt like needed modify review originally recommend product living growing like changing recommendationthe truth base top feel protected appearance would believe dropped couple times protected sling think rubber absorbs force fall also sat puddle bottom protected rubber slingi initially upset sling preventing charging charging dock isnt big problem thought would pull bottom sling charge leaving top sling easy easy back aftermy real lingering complaint would price essentially thin piece rubber wrapping top bottom still seems little excessive increasing stars one really price thing keeping star come really like sling also bought cheap pouch throw transporting eased concerns keeping cleansafe throwing work bagmy original overall would recommended sling protect tapreceived tap sling cover last hoursread
Amazon Devices,5.0,0.0,"Sling is simply awesome and so is the Amazon Tap!! My tap arrived this morning along with this sling and I am currently testing both products out as we speak!! This sling allowed me easy access to carry my tap to work today!!One nice thing I like about the tap is that this sling is not required but it is a very nice addition.. It provides great protection for the tap, which is what I needed it for.. My tap is going to be like a mini, portable Sonos for me.. It's going to be a speaker I take with me daily!! So I wanted this sling to protect my speaker and keep it from getting dinged up.. Even though it provides minimal coverage for the speaker, it still protects it from dings! The minimal coverage is needed not to hurt the sound quality coming from the speaker... Taking the speaker to the beach, camping, hiking, to parties, I wanted something to protect it while in use!! This sling is going to do just that!!Another thing it does is allows me to hang it from my bag!! At first, I was afraid the silicone wouldn't be strong enough for that and would stretch.. Well so far, no issues!! I use a carabiner and attach it to my bag!! No stretching and super easy to carry my tap with me!Pros1.) Can access all buttons in the sling2.) Can charge with the sling on (Via USB port not dock)3.) Allows personalization of your Tap4.) Protects your Tap from dings and since my tap isn't for home use, this is great5.) I love the bright and vibrant colors6.) Silicone is plenty strong enough for hanging7.) Doesn't adversely affect sound qualityOverall: I do feel 20 for the sling is a little high but for the protection it provides my brand new tap, I very happy with it.. I didn't buy my tap to sit still at home..Read more",sling simply awesome amazon tap tap arrived morning along sling currently testing products speak sling allowed easy access carry tap work todayone nice thing like tap sling required nice addition provides great protection tap needed tap going like mini portable sonos going speaker take daily wanted sling protect speaker keep getting dinged even though provides minimal coverage speaker still protects dings minimal coverage needed hurt sound quality coming speaker taking speaker beach camping hiking parties wanted something protect use sling going thatanother thing allows hang bag first afraid silicone wouldnt strong enough would stretch well far issues use carabiner attach bag stretching super easy carry tap mepros access buttons sling charge sling via usb port dock allows personalization tap protects tap dings since tap isnt home use great love bright vibrant colors silicone plenty strong enough hanging doesnt adversely affect sound qualityoverall feel sling little high protection provides brand new tap happy didnt buy tap sit still homeread
Amazon Devices,5.0,0.0,"Ok first things first, I also own a Echo and if you own a Echo you will love the Tap.Now you will see a lot of reviews around the internet of people saying they wish the Tap was voice enabled like the Echo. I happen to think those people are not completely thinking things through. Because the Echo is not meant to be a mobile device. It generally sits somewhere in your house and the voice command is then a great feature to have. But the Tap is meant to be mobile, and therefore I am happy it's not a Voice command device. I would not want to be at the beach or on a subway or at the coffee shop and having this thing think the world is taking to it. So I actually think not having a voice command is a well thought out feature. I have the Echo on my kitchen counter and the Tap in my Studio office. And when I leave my office I just grab it and go.I bought this on sale for 89 and I went to the store and listened to many Bluetooth speakers. And while yes the charge 3 sounds better, all the charge 3 can do is be a Bluetooth speaker. While the Tap is so much more for less . And the Tap sounds Great. After looking online I was a little nervous that it would not sound that great, but I was 100 wrong about that. There is no other product out there for 89 that sounds this good and can do what the Tap does.I was not paid or given a Tap to write this review. I'm just a consumer who was it the market for a Bluetooth speaker, and I could not be happier with my choice.Also if you buy this device buy the Amazon sling as well. Trust me you will want it. And honestly I am again happy I got the one that covers the bottom of the Tap. Because if this was sitting on a table and someone knocked over a drink I would not want the bottom where the charging rings are to be exposed.That's it, that's all. Buy it, you won't be disappointed!!!!!",ok first things first also echo echo love tapnow see lot reviews around internet people saying wish tap voice enabled like echo happen think people completely thinking things echo meant mobile device generally sits somewhere house voice command great feature tap meant mobile therefore happy voice command device would want beach subway coffee shop thing think world taking actually think voice command well thought feature echo kitchen counter tap studio office leave office grab goi bought sale went store listened many bluetooth speakers yes charge sounds better charge bluetooth speaker tap much less tap sounds great looking online little nervous would sound great wrong product sounds good tap doesi paid given tap write review im consumer market bluetooth speaker could happier choicealso buy device buy amazon sling well trust want honestly happy got one covers bottom tap sitting table someone knocked drink would want bottom charging rings exposedthats thats buy wont disappointed
Amazon Devices,4.0,0.0,"Simply put, this is the Amazons iPad Air Killer. The 7 HDX is the iPad mini killer. Both HDXs inherent very similar hardware. This means the 8.9 version is an enlarged version of the 7 version. For my 7 version review, please search for my HDX 7 review.My profile: Im a heavy tablet user for personal and business purposes. I work on my tablet around 4-5 hours a day (Email / Documents / Spreadsheet / PDF) use the tablet 1-2 hours for personal use such as watching movies or reading books/magazine. The HDX tablet is my go-to device for all internet related search I do. It is also my main electronic device, more important than my smartphones and laptopsI have the following and/or used the following before:1) iPad 12) iPad 23) iPad 44) iPad Mini5) Kindle Fire6) Kindle Fire HD7) Kindle Fire HD 8.98) Asus Transformer with Keyboard9) Nexus 7 First Gen10) Kindle HDX 7 which I also have a review you can check outAs you can see, I been through many devices and hope this review with my experience helps users decide if this is the right device for them. This will be an ongoing review for this device throughout this year. For comparison sake, I will use last year's Kindle Fire HD 8.9 and also the Fire HDX 7 as benchmarksSpeed (9/10):The same chipset is used on the Kindle Fire HDX 8.9 as it is in the Kindle Fire 7 As I mentioned in the 7 review, this is leaps and bounds faster than last year Kindle HD. Last year Kindle struggles to go through any HD video content I put in. This year's HDX able to play seamlessly all the HD 1080p contents I added. It is incredible how much the 2.2Ghz quad processor improved vs last year's model Dual 1.2Ghz.Read more",simply put amazons ipad air killer hdx ipad mini killer hdxs inherent similar hardware means version enlarged version version version review please search hdx reviewmy profile im heavy tablet user personal business purposes work tablet around hours day email documents spreadsheet pdf use tablet hours personal use watching movies reading booksmagazine hdx tablet goto device internet related search also main electronic device important smartphones laptopsi following andor used following ipad ipad ipad ipad mini kindle fire kindle fire hd kindle fire hd asus transformer keyboard nexus first gen kindle hdx also review check outas see many devices hope review experience helps users decide right device ongoing review device throughout year comparison sake use last years kindle fire hd also fire hdx benchmarksspeed chipset used kindle fire hdx kindle fire mentioned review leaps bounds faster last year kindle hd last year kindle struggles go hd video content put years hdx able play seamlessly hd p contents added incredible much ghz quad processor improved vs last years model dual ghzread
Amazon Devices,1.0,1.0,"After 15 months, my 500+ tablet is no longer useable. It is stuck on the boot screen. I invested a lot of into Amazon movies and books. This stinks.",months tablet longer useable stuck boot screen invested lot amazon movies books stinks
Amazon Devices,5.0,0.0,"If you like the Kindle Fire HD then you will love the Kindle Fire HDX. The new device runs three times faster, is lighter in weight, and the battery lasts slightly longer. The sound quality on this device is excellent and the display quality is absolutely stunning. Below are some of the features to expect from the Fire HDX. BUILD QUALITY---There is NO blue haze on the 8.9 HDX.---The build quality is excellent.---Auto contrast is good (not buggy).---Operating system is very intuitive except after downloading free prime videos to watch offline. If you remove the videos from your Carousel then, from the video menu, you must go to the left side bar, and click *downloads* to see your videos. PRIME DOWNLOAD ISSUES (free video download limitations)Prime members can download selected Prime Instant Videos to watch when not connected to the internet. There are major restrictions imposed on prime videos as listed below.---Not all Prime titles are available for download.---Most popular prime titles are NOT available for download.---There is a max of 25 titles that can be downloaded free at any one time.---Prime titles have a viewing period.---Viewing period is either 48 hours after you start watching the video, or 15-30 days (which ever comes first).---After the viewing period expires you need to reconnect to the internet.---Titles can be downloaded to only two separate devices at a time.---If you exceed the device quota then you must delete one of the titles before adding to another device.---There is no way to know which titles can be downloaded unless you have the HDX (amazon does not place a banner on the titles other than to say PRIME).Read more",like kindle fire hd love kindle fire hdx new device runs three times faster lighter weight battery lasts slightly longer sound quality device excellent display quality absolutely stunning features expect fire hdx build qualitythere blue haze hdxthe build quality excellentauto contrast good buggyoperating system intuitive except downloading free prime videos watch offline remove videos carousel video menu must go left side bar click downloads see videos prime download issues free video download limitationsprime members download selected prime instant videos watch connected internet major restrictions imposed prime videos listed belownot prime titles available downloadmost popular prime titles available downloadthere max titles downloaded free one timeprime titles viewing periodviewing period either hours start watching video days ever comes firstafter viewing period expires need reconnect internettitles downloaded two separate devices timeif exceed device quota must delete one titles adding another devicethere way know titles downloaded unless hdx amazon place banner titles say primeread
Amazon Devices,2.0,1.0,"This is a great controller for our Fire TV, I purchased 2 of them, with two problems but let me first talk about the good. The controller works well for most of the games we play on the Fire TV. It has a long range compared to other controllers Ive tried (solid at 30 feet) and uses WiFi Direct instead of Bluetooth. The feel of it is decent (not too rubbery) and none of the buttons, D-Pad, or sticks have stuck or given us a problem. The microphone on it works as good or better than the one on the Fire TV remote.Now on to the problems. Its such an issue that Im not just putting it in the cons section but am going to tell you a bit about it. The worst problem is the battery life! In fact, its such a huge problem that Im taking off 2 stars because of it. This controller eats batteries like nobodys business. I have tried regular AA batteries (both Duracell and Energizer), expensive AA batteries (both Duracell and Energizer), and rechargeable AA batteries (Ive tried Energizer, Apple, AmazonBasics). The controller doesnt drain the batteries completely, nope. That I would understand. Instead, the controller stops working after only a 40 drain. I kid you not. Every set of batteries I have put into this thing has stopped working when there is still 60 battery life left. I have tested each set, before and after, using a generic battery tester as well as an ohm meter.The second problem may not be the controller itself, it may be the Fire TV, but its affecting the controller. The controller randomly disconnects. Not often enough for it to be a huge issue but just enough for it to be annoying. I have seen reports of others having the same problem with the controller and the remote. Im hoping that this issue will be fixed with a firmware update.Read more",great controller fire tv purchased two problems let first talk good controller works well games play fire tv long range compared controllers ive tried solid feet uses wifi direct instead bluetooth feel decent rubbery none buttons dpad sticks stuck given us problem microphone works good better one fire tv remotenow problems issue im putting cons section going tell bit worst problem battery life fact huge problem im taking stars controller eats batteries like nobodys business tried regular aa batteries duracell energizer expensive aa batteries duracell energizer rechargeable aa batteries ive tried energizer apple amazonbasics controller doesnt drain batteries completely nope would understand instead controller stops working drain kid every set batteries put thing stopped working still battery life left tested set using generic battery tester well ohm meterthe second problem may controller may fire tv affecting controller controller randomly disconnects often enough huge issue enough annoying seen reports others problem controller remote im hoping issue fixed firmware updateread
Amazon Devices,5.0,0.0,"Not that Amazon needs another 5 star review for this remote, but damn. This is a great remote. We don't have and never will have a game console in my house. My 4 year old and I have a blast playing Crossy Road and Shark Evolution on our big screen TV with this remote. Super great. Glad I bought it.",amazon needs another star review remote damn great remote dont never game console house year old blast playing crossy road shark evolution big screen tv remote super great glad bought
Amazon Devices,5.0,0.0,We are HUGE fans of the Amazon Fire Stick and my son realllly wants to play the games with the remote. A little pricey in my opinion. Works great though and I know I can return if it breaks!,huge fans amazon fire stick son realllly wants play games remote little pricey opinion works great though know return breaks
Amazon Devices,5.0,0.0,"Ok i've been in the technology field for close to 20 years and a gamer since the 80's so i know a little something about controllers. This really is an awesome controller with a great feel to it. It doesnt feel cheap in any way, and works perfect. It also has voice search button which works great and it has volume control via the shoulder buttons when headphones are plugged in. Ive read a few reviews about bad battery life and i havent found it an issue on mine. I bought it in late december and the batteries are due to be changed now in late april. I would like to see rechargable batteries built it instead but maybe in the future.",ok ive technology field close years gamer since know little something controllers really awesome controller great feel doesnt feel cheap way works perfect also voice search button works great volume control via shoulder buttons headphones plugged ive read reviews bad battery life havent found issue mine bought late december batteries due changed late april would like see rechargable batteries built instead maybe future
Amazon Devices,4.0,0.0,"I have the original Nvidia Shield TV (not the latest 2017 version) and as such, I also have the older/bulkier controller that it came with. While it works alright, I was never that happy with it just because it's so large and clunky (I have smaller hands) and never got all that comfortable with it. So, I went searching for a replacement controller to use with it...Along came the 2017 Shield TV and a newly revamped controller. Looks nice, got good reviews, but at this time, almost impossible to find one new or used for under 50 which is a bit more than I wanted to pay for a controller.I found the Amazon Fire TV controller searching around and wondered if it would work with the Shield. Turns out that the AFT controller is NOT bluetooth, but rather, Wi-Fi direct. Did a little more research and a few random searches led me to believe that you could indeed use this controller with a Shield TV.Since it's not bluetooth, trying to pair this controller with the Shield (or any other bluetooth device) is impossible. But, at the suggestion of someone on an Nvidia forum, if you go into the Shield's settings and go to the add Shield Accessory setting, while holding the home button on the AFT controller, after a few moments, indeed, it does connect and it does work. It doesn't show up as a Shield accessory (since technically, it's not) so it's kinda weird that way. Nowhere will you see in the Shield's settings or options that the controller is even connected.After connecting or pairing the AFT controller with my Shield I noticed that I lost all sound and audio. The AFT controller microphone works, but it basically caused me to lose all sound on my Shield. Needless to say that bummed me out.Read more",original nvidia shield tv latest version also olderbulkier controller came works alright never happy large clunky smaller hands never got comfortable went searching replacement controller use italong came shield tv newly revamped controller looks nice got good reviews time almost impossible find one new used bit wanted pay controlleri found amazon fire tv controller searching around wondered would work shield turns aft controller bluetooth rather wifi direct little research random searches led believe could indeed use controller shield tvsince bluetooth trying pair controller shield bluetooth device impossible suggestion someone nvidia forum go shields settings go add shield accessory setting holding home button aft controller moments indeed connect work doesnt show shield accessory since technically kinda weird way nowhere see shields settings options controller even connectedafter connecting pairing aft controller shield noticed lost sound audio aft controller microphone works basically caused lose sound shield needless say bummed outread
Amazon Devices,5.0,0.0,This is my second one and it is great! It can be used as a remote also. It was easy to pair with my Fire TV. I received my first one when I purchased the Gaming Edition of Fire TV and I liked it so much that I bought a second one for my son. He is a gamer and he was very happy with it.I would recommend this product for anyone who is a gamer. There are many more games available for the Fire TV and they play flawlessly on the Fire TV,second one great used remote also easy pair fire tv received first one purchased gaming edition fire tv liked much bought second one son gamer happy iti would recommend product anyone gamer many games available fire tv play flawlessly fire tv
Amazon Devices,5.0,0.0,"I purchased the original Kindle Fire in 2011 and the second generation Kindle Fire in 2012. I gave my original one to my grandson and he is still using it for apps and reading. I liked both of them and I have to tell you that they have held up very well. One is over 3 years old and the other is 2 years old and I have not had any issues with them. Since I have not upgraded in 2 years I thought I would get a new one with a larger memory and a faster CPU and a higher resolution display. There are many improvements beyond even those features.I have to tell you that overall I am impressed with this new one. I didn't feel the need to purchase a Kindle Fire every year and when I purchased the next one I wanted it to be a definite upgrade step to what I had. I stayed with the 7 inch size as I like to portability and weight for long term reading. I alternate between the Kindle Paperwhite for reading in the daytime and at night sometimes and I use the Kindle Fire for reading in the evening and at night plus browsing the internet and getting email. This new Kindle Fire HD 2014 version is very fast and easy to use. Setting it up for the internet and downloading my apps and books was a breeze. I like the fact that the larger memory allows me to carry more apps and books. The higher resolution of the screen is helpful in reading books as the text is clearer and easier on my eyes than the older Kindle Fires we own. The screen is better for playing apps and watching videos and movies and it is worth the upgrade from the older Kindle Fires.I like that this version has both a front and rear facing camera. I use the camera a lot on all of my tablets and I own many Apple iPads, Apple iPhone and Android tablets.Read more",purchased original kindle fire second generation kindle fire gave original one grandson still using apps reading liked tell held well one years old years old issues since upgraded years thought would get new one larger memory faster cpu higher resolution display many improvements beyond even featuresi tell overall impressed new one didnt feel need purchase kindle fire every year purchased next one wanted definite upgrade step stayed inch size like portability weight long term reading alternate kindle paperwhite reading daytime night sometimes use kindle fire reading evening night plus browsing internet getting email new kindle fire hd version fast easy use setting internet downloading apps books breeze like fact larger memory allows carry apps books higher resolution screen helpful reading books text clearer easier eyes older kindle fires screen better playing apps watching videos movies worth upgrade older kindle firesi like version front rear facing camera use camera lot tablets many apple ipads apple iphone android tabletsread
Amazon Devices,5.0,0.0,"The Fire HD 7 is a great entry-level Fire Tablet that includes a 7 1200x800 216 ppi pixel density display. Pixel density wise, this is the lowest off all the Fire Tablets but is still decent enough where you're going to get a nice picture on the display. It's by no means an iPad killer or Galaxy Tab killer and you really shouldn't purchase it for that purpose. This particular model is really tailored to reading Kindle books, streaming video, browsing the web, checking email, and so forth. Bottom line, It's a great deal at 139. I'm going to compare the features of the HD 7 with the features of the other Fire Tablets to help you make an informed decision on which model to go with:*** DISPLAY ***The display is a 7 1200x800 resolution display with a 216 ppi pixel density which is not great, but not horrible either. It is the lowest pixel density of all the Fire Tablets with the Fire HD 6 coming in at 252 ppi, the Fire HDX coming in at 323 ppi, and the Fire HDX 8.9 coming in at 339 ppi. The human eye really can't distinguish individual pixels beyond a density of about 300 ppi so you're not going to be getting a noticeably pixelated display by any means. All in all, this is a nice display.*** PROCESSOR, GPU, AND ON-BOARD STORAGE ***The Fire HD 7 comes with a respectable 1.5 GHz quad-core processor with enough power to run almost all of your content with ease, including smooth video playback. It comes with a mediocre 1 GB of RAM which really is not sufficient in my opinion but it is what it is. THis is not an iPad or Galaxy Tab killer by any means, but it gives you just enough power to use the essential Amazon services you need.The HD 7 is substantially less powerful than the Snapdragon 2.2 GHz and 2.Read more",fire hd great entrylevel fire tablet includes x ppi pixel density display pixel density wise lowest fire tablets still decent enough youre going get nice picture display means ipad killer galaxy tab killer really shouldnt purchase purpose particular model really tailored reading kindle books streaming video browsing web checking email forth bottom line great deal im going compare features hd features fire tablets help make informed decision model go display display x resolution display ppi pixel density great horrible either lowest pixel density fire tablets fire hd coming ppi fire hdx coming ppi fire hdx coming ppi human eye really cant distinguish individual pixels beyond density ppi youre going getting noticeably pixelated display means nice display processor gpu onboard storage fire hd comes respectable ghz quadcore processor enough power run almost content ease including smooth video playback comes mediocre gb ram really sufficient opinion ipad galaxy tab killer means gives enough power use essential amazon services needthe hd substantially less powerful snapdragon ghz read
Amazon Devices,5.0,0.0,"oh my effing word. this has better sound than my hp laptop. with one of the standing cases, you can turn it into a kitchen tv by laying the flap on the bottom shelf of a cabinet above your counter, and then placing a can of something on the flap to make sure it stays there. gently close the cabinet door, and it stays there hanging down so you can watch something while you prepare dinner. the standing cases work, but I don't want my kindle on the counter top near any possibly splashing liquids, so I started doing the hanging thing. I say screw normality and lets do things a different way...",oh effing word better sound hp laptop one standing cases turn kitchen tv laying flap bottom shelf cabinet counter placing something flap make sure stays gently close cabinet door stays hanging watch something prepare dinner standing cases work dont want kindle counter top near possibly splashing liquids started hanging thing say screw normality lets things different way
Amazon Devices,5.0,0.0,"I'm writing this review with the benefit of being an experienced Kindle Fire user vs. someone brand new to the Kindle family. In summary, for 139 you are getting a good deal on a tablet computer - especially if you compare it to the 500 or more you can spend on a Wi-Fi version of the iPad. Overall, if you consider the price and the functionality I think this is a great tool / toy if you watch a lot of video or play a lot of games on your device: the video quality is outstanding and you can really tell a difference between this and last year's Fire. If you are a first-time tablet buyer, where price vs. value is a key consideration, or if you are looking for an affordable tablet for the kids, I'd recommend this regular Fire HD vs. a more expensive version. If you're comparing last year's HD model to this version and it is operating fine, I'd say save your money and continue to get your money's worth out of that one.My review below compares a lot of the features of this version of the Fire to last year's Fire HD but also some of the features for a first-time user.Consistent with my experience with setup of previous models of the Fire, setup took a while: despite being a brand new product, the Fire attempted to download and install several operating software updates. You just need to be patient while it downloads and installs.Screen Display / Video Playback:This version of the Fire has a great screen display and looking at the technical specs Amazon made some major changes in the display / resolution, and the picture appears more crisp: I compared the viewing experience watching an episode of The Lost Ship. The display on this Fire was one heck of a lot better in terms of sharpness than last year's model.Read more",im writing review benefit experienced kindle fire user vs someone brand new kindle family summary getting good deal tablet computer especially compare spend wifi version ipad overall consider price functionality think great tool toy watch lot video play lot games device video quality outstanding really tell difference last years fire firsttime tablet buyer price vs value key consideration looking affordable tablet kids id recommend regular fire hd vs expensive version youre comparing last years hd model version operating fine id say save money continue get moneys worth onemy review compares lot features version fire last years fire hd also features firsttime userconsistent experience setup previous models fire setup took despite brand new product fire attempted download install several operating software updates need patient downloads installsscreen display video playbackthis version fire great screen display looking technical specs amazon made major changes display resolution picture appears crisp compared viewing experience watching episode lost ship display fire one heck lot better terms sharpness last years modelread
Amazon Devices,5.0,0.0,"This integrated perfectly with our fire tv stick, and was a great surprise for the gamers in the family. It works great with the fire stick, and does not negate the other remote, giving us two remote options. It even has a headphone jack, making it so my husband can watch tv shows with bad language while the kids are in the room. This is a great addition.",integrated perfectly fire tv stick great surprise gamers family works great fire stick negate remote giving us two remote options even headphone jack making husband watch tv shows bad language kids room great addition
Amazon Devices,1.0,1.0,The connection drop's out on this unit pretty bad. I can hardly get thru a game and it will disconnect.,connection drops unit pretty bad hardly get thru game disconnect
Amazon Devices,4.0,0.0,Great add-on if you own a amazon fire stick and like to play games. works well and I would definite buy it again.,great addon amazon fire stick like play games works well would definite buy
Amazon Devices,5.0,0.0,Nice controller,nice controller
Amazon Devices,5.0,0.0,"As has been the case for years, Amazon sloooowwwwly adds new changes and features to the Kindle. This one is no exception. If you've used a Kindle in the past, you're not going to notice much of a change with this one, but since there are some minor upgrades and so forth, I'll briefly go over them:*** SCREEN ***The new Kindle is touchscreen and has the typical matte finish with the slightly gray/off-white paper looking background. It's certainly not bright white, but it's also not LCD looking (dark gray.) It does NOT have buttons for page-turning as the older generations do. If you simply must have the page-turning buttons, please search for the older Kindles that offer that. One last thing regarding the screen: this is not a Kindle PaperWhite or Voyage where you have a back-lit screen... this has an unlit, off-white Kindle screen. I will say, the text is noticeably crisper and bolder than I've seen with previous generation Kindles and I believe that's because Amazon is using E-Ink's new Carta displays instead of the previously used Pearl displays. I love that and have been waiting for years for E-Ink, the Taiwan based company that makes the Kindle screens for Amazon, to improve them. It looks like they're finally getting it!The new Kindle's screen resolution is 167 ppi which is slightly lower than the Kindle PaperWhite which is 212 ppi, and substantially lower than the Kindle Voyage which boasts an impressive 300 ppi (individual pixels at this density can not be distinguished by the naked eye.) Price-wise though, the base model PaperWhite runs 99 at the time of this review, and the Voyage base model runs 199 so you can see, the more you pay, the better the resolution and features. 167 ppi is fine though...Read more",case years amazon sloooowwwwly adds new changes features kindle one exception youve used kindle past youre going notice much change one since minor upgrades forth ill briefly go screen new kindle touchscreen typical matte finish slightly grayoffwhite paper looking background certainly bright white also lcd looking dark gray buttons pageturning older generations simply must pageturning buttons please search older kindles offer one last thing regarding screen kindle paperwhite voyage backlit screen unlit offwhite kindle screen say text noticeably crisper bolder ive seen previous generation kindles believe thats amazon using einks new carta displays instead previously used pearl displays love waiting years eink taiwan based company makes kindle screens amazon improve looks like theyre finally getting itthe new kindles screen resolution ppi slightly lower kindle paperwhite ppi substantially lower kindle voyage boasts impressive ppi individual pixels density distinguished naked eye pricewise though base model paperwhite runs time review voyage base model runs see pay better resolution features ppi fine thoughread
Amazon Devices,5.0,0.0,"I've had this Kindle for a while now. Many of the reviews say it all so I don't think I could add much. But I feel like I need to speak on behalf of this Kindle to shield it from reviewers and owners who seem to have no idea what they bought. If this could help clear up any confusion for a first time buyer then writing this is worth it. So I have to begin by asking reviewers that confuse us allDo you have any clue what you bought Let's all say it out loud: THIS KINDLE DOES NOT HAVE A LIGHT!!!!!! It is an entry level model with no light. Amazon has always sold non lighted Kindles, and I still have many of them. They are a cheap way to get into the e-reader scene. Can you read a real book in the dark Of course not. So these non lighted Kindles are not epic failures for not having a light just as the last novel you bought was not an epic failure for not having a built in light. It is ridiculous to buy this Kindle then give it a 1 star review because it doesn't have a light. Read the product descriptions. This Kindle has no light, the Paperwhite and Voyage do.Scream all to the heavens: THIS KINDLE DOES NOT HAVE PAGE TURNING BUTTONS!!!! To buy this Kindle then give it a 1 star review because your old Kindle had page turning buttons and this one does not is insane. Could you not see when you clicked on BUY that this Kindle had no page turning buttons. Sometimes I think there are two kinds of Kindle owners: those who want page turning buttons and those who don't mind moving their thumb a nano meter to turn a page. If you can tell by my sarcasm, I belong to the latter bunch.Then of course there are the technically deficient that have no clue what wifi is, are unable to sign on, and blame it on the Kindle. BAM! another 1 star review.Read more",ive kindle many reviews say dont think could add much feel like need speak behalf kindle shield reviewers owners seem idea bought could help clear confusion first time buyer writing worth begin asking reviewers confuse us alldo clue bought lets say loud kindle light entry level model light amazon always sold non lighted kindles still many cheap way get ereader scene read real book dark course non lighted kindles epic failures light last novel bought epic failure built light ridiculous buy kindle give star review doesnt light read product descriptions kindle light paperwhite voyage doscream heavens kindle page turning buttons buy kindle give star review old kindle page turning buttons one insane could see clicked buy kindle page turning buttons sometimes think two kinds kindle owners want page turning buttons dont mind moving thumb nano meter turn page tell sarcasm belong latter bunchthen course technically deficient clue wifi unable sign blame kindle bam another star reviewread
Amazon Devices,4.0,0.0,"I am writing this from the perspective of being a long-time experienced Kindle user vs. someone brand new. From an overall perspective, considering the pricing of the Kindle with Special Offers at 79 vs. higher amounts for the different flavors of Kindle available today, this one is a bargain. If you have wanted to get your kids a Kindle to encourage reading as well as sharing of books but hesitated because 119 to 400+ is a lot of money to risk with a child, maybe at 79 this is your price point.From a size standpoint, the reading screen is the exact same size as the other e-Ink Kindles. It is slightly thicker - but slightly lighter - than the Kindle Paperwhite, but to me it's not really a noticeable difference when you're holding it in a protective cover.Opening up the box, included with the Kindle is a micro-USB cord but no power adapter. That's really annoying. Interestingly, and it seems rather chicken of Amazon, a power adaptor has to be purchased separately for 15 if you purchase it at the same time as you purchase the Kindle (or 20 if you purchase it later), so if you already have a micro-USB charger handy I wouldn't order one of the chargers.There are no page buttons - no buttons at all except for the power button - and turning the page is as easy as tapping the side of the screen with your thumb while you're reading, or swiping the screen with your finger.Reading is easy on this one: in comparison to my Kindle Keyboard, the previous version of Kindle, and a Kindle DX the letters on the screen are much, much darker and easier to read: the display is crisp and dark.Read more",writing perspective longtime experienced kindle user vs someone brand new overall perspective considering pricing kindle special offers vs higher amounts different flavors kindle available today one bargain wanted get kids kindle encourage reading well sharing books hesitated lot money risk child maybe price pointfrom size standpoint reading screen exact size eink kindles slightly thicker slightly lighter kindle paperwhite really noticeable difference youre holding protective coveropening box included kindle microusb cord power adapter thats really annoying interestingly seems rather chicken amazon power adaptor purchased separately purchase time purchase kindle purchase later already microusb charger handy wouldnt order one chargersthere page buttons buttons except power button turning page easy tapping side screen thumb youre reading swiping screen fingerreading easy one comparison kindle keyboard previous version kindle kindle dx letters screen much much darker easier read display crisp darkread
Amazon Devices,5.0,0.0,"Let me guess: you love books, but you're not sure you want to get a kindle because you love the feel of books, rightI'm here to tell you that the kindle is the perfect balance of book and digital format.SHORT REVIEWYes, you should buy a kindle. Get the paperwhite with no ads. You're welcome.LONG REVIEWI love physical books too, I'm with you. But I know myself, and I know that once I forget to take the book I'm reading with me, that's it. I'll start another book and rarely finish the first. I also know if I try and read on my phone or iPad that I'll get distracted and start wondering about what's happening on the internet (Instagram's not gonna scroll ITSELF). Either way I'm not finishing the book.WHY KINDLEThe kindle takes the best of both worlds and mashes them together. The e ink display is honestly incredible. I wish iPhones had an e ink display. It really looks just like a printed page. So you get the experience of reading a physical paper book, but with the perks of being digital.Namely:- Share what book you're reading to Goodreads, Facebook, or twitter (so you can look SMORT)- Built in dictionary (so you can learn the proper spelling of the word SMORT)- Export your highlights as a PDFPlus, it'll also sync with the kindle app on your phone so you can squeeze in the final few pages of the chapter while you're in the bathroom (don't pretend you don't do that. You're either on your phone or you're reading the febreeze ingredients)READING IN BEDThe backlight looks great. It's a perfect size.Read more",let guess love books youre sure want get kindle love feel books rightim tell kindle perfect balance book digital formatshort reviewyes buy kindle get paperwhite ads youre welcomelong reviewi love physical books im know know forget take book im reading thats ill start another book rarely finish first also know try read phone ipad ill get distracted start wondering whats happening internet instagrams gonna scroll either way im finishing bookwhy kindlethe kindle takes best worlds mashes together e ink display honestly incredible wish iphones e ink display really looks like printed page get experience reading physical paper book perks digitalnamely share book youre reading goodreads facebook twitter look smort built dictionary learn proper spelling word smort export highlights pdfplus itll also sync kindle app phone squeeze final pages chapter youre bathroom dont pretend dont youre either phone youre reading febreeze ingredientsreading bedthe backlight looks great perfect sizeread
Amazon Devices,5.0,0.0,"Review updated September 17, 2015As a background, I am a retired Information Systems professional and I am writing this review from the perspective of being a long-time Kindle user. I have all the current e-readers and Fire devices from Amazon including the basic Kindle, the 2013, 2014 and new 2015 Paperwhite, the Fire HD6, Fire HD7, Fire HDX7 and Fire HDX8.9. This review is for the 2015 All-New Kindle Paperwhite. The attached picture shows the 2014 Kindle on the left and the new 2015 Kindle on the right. Here is the summary of my initial impressions of the 2015 model versus the 2014 model.I am somewhat disappointed in the 2015 version as there is not a huge improvement over last years model. The Paperwhite made many improvements from its original first generation 2012 model to its second generation 2013 model, especially in the display and processor area. The 2013 model came with 2 GB storage, a wonderful display, a great battery and was the e-book workhorse. The second generation 2014 model changed by only increasing storage to 4 GB. The third generation 2015 model increased the display resolution but reduced the battery life slightly.WHAT COMES IN THE BOX: A Paperwhite device, a quick-start guide and a short USB cord. Amazon still does not supply a power adapter.SIZE: Its the same identical size as the older Paperwhites. The weight has been reduced slightly from 7.3 to 7.2 ounces, a fraction of an ounce, most likely because of a smaller battery.The good news is that all cases that fit the other Paperwhites will fit the 2015 version!!DISPLAY: The resolution has been bumped up to 300 ppi, equivalent to the Voyage.Read more",review updated september background retired information systems professional writing review perspective longtime kindle user current ereaders fire devices amazon including basic kindle new paperwhite fire hd fire hd fire hdx fire hdx review allnew kindle paperwhite attached picture shows kindle left new kindle right summary initial impressions model versus modeli somewhat disappointed version huge improvement last years model paperwhite made many improvements original first generation model second generation model especially display processor area model came gb storage wonderful display great battery ebook workhorse second generation model changed increasing storage gb third generation model increased display resolution reduced battery life slightlywhat comes box paperwhite device quickstart guide short usb cord amazon still supply power adaptersize identical size older paperwhites weight reduced slightly ounces fraction ounce likely smaller batterythe good news cases fit paperwhites fit versiondisplay resolution bumped ppi equivalent voyageread
Amazon Devices,5.0,0.0,"If you're reading reviews of the new 3rd generation Paperwhite, you're likely considering buying one. If so, you're probably in one of these categories:* Never owned a Kindle e-ink reader* Own an older Kindle e-ink reader, but not a Paperwhite* Own a first or second generation PaperwhiteI'll save my opinion on whether the new Paperwhite 3 is worth buying until the end of my review. (But I will say this: They've taken a great product and made it even better.) First, here's a comparison of the new Paperwhite with the second generation Paperwhite (comparisons are for the wi-fi models):Second Generation Paperwhite (2013)-------------------------------------------Size: 6.7x4.6x0.36Weight (wi-fi version): 7.3 ouncesDisplay: 6 diagonal, 212 pixels per inch, 16-level grayscale, LED frontlitStorage memory: 4GBPage turns: TouchscreenNumber of fonts: 6Display lighting: Manually adjustable front-lightingAll-New Paperwhite (2015)------------------------------Size: 6.7x4.6x0.36Weight (wi-fi version): 7.2 ouncesDisplay: 6 diagonal, 300 pixels per inch, 16-level grayscale, LED frontlitStorage memory: 4GBPage turns: TouchscreenNumber of fonts: 7Display lighting: Manually adjustable front-lightingNote that the physical size is identical to the older Paperwhite, so covers and sleeves that worked with the older Paperwhites are still usable (thank you, Amazon). The most obvious difference is the screen resolution: 300 pixels per inch is a major jump from the 212 pixels per inch in the older Paperwhites.Read more",youre reading reviews new rd generation paperwhite youre likely considering buying one youre probably one categories never owned kindle eink reader older kindle eink reader paperwhite first second generation paperwhiteill save opinion whether new paperwhite worth buying end review say theyve taken great product made even better first heres comparison new paperwhite second generation paperwhite comparisons wifi modelssecond generation paperwhite size xxweight wifi version ouncesdisplay diagonal pixels per inch level grayscale led frontlitstorage memory gbpage turns touchscreennumber fonts display lighting manually adjustable frontlightingallnew paperwhite size xxweight wifi version ouncesdisplay diagonal pixels per inch level grayscale led frontlitstorage memory gbpage turns touchscreennumber fonts display lighting manually adjustable frontlightingnote physical size identical older paperwhite covers sleeves worked older paperwhites still usable thank amazon obvious difference screen resolution pixels per inch major jump pixels per inch older paperwhitesread
Amazon Devices,5.0,0.0,"I previously owned an Asus infinity with 10 inch screen until it died on vacation and I grabbed the smaller 8 gb fire during the one day sale. I could not get used to the small screen or lack of storage so here I am with the new 10 inch fire. If you liked your fire 7 you will love this. The 32 gb is sufficient itself for downloading tons of books, music, and a couple of movies and games but when you pair that with the ability at last to use a memory card (and it's about time Amazon makes a version that can do this) the storage is enough for even most power users! Set up is a breeze just follow the onscreen instructions. Within minutes out of the box I was surfing the web, checking my email and posting on Facebook. After charging the battery to full I streamed a one hour tv show from Netflix and when I checked afterwards the battery was still at 95 percent. I am writing this review on it right now. If you have prime you can download a movie to watch later without needing your wifi which is a big plus for me as we are in storm season here so when the power goes out I can at least watch a movie.",previously owned asus infinity inch screen died vacation grabbed smaller gb fire one day sale could get used small screen lack storage new inch fire liked fire love gb sufficient downloading tons books music couple movies games pair ability last use memory card time amazon makes version storage enough even power users set breeze follow onscreen instructions within minutes box surfing web checking email posting facebook charging battery full streamed one hour tv show netflix checked afterwards battery still percent writing review right prime download movie watch later without needing wifi big plus storm season power goes least watch movie
Amazon Devices,5.0,0.0,"What a DEAL............ I got this great tablet for a great price on Prime Day..... but was a little concerned it would be too big..to handle. but I was wrong.First I I was very surprised.. by several things about the Fire 10 that made me SMILE:......1) even though it is large in size the weight is LIGHT so it is much easier to handle than expected ( esp since my fire HD 8.9 HEAVY unit )).......2.) it does several things I wasn't expecting.. One is it has SCREEN MIRRORING... that means you can see your tablets screen on you great BIG TV screen. if you choose for games or what ever. 3. ) Smooth and FAST .. due to the nice processor.......4. ) WHOO HOO.. Google Play store can be easily added without disrupting you Amazon experience ( look it up on youtube))( it took less than 4 minutes and it was Up and RUNNING ))....... 5.) I think the Screen is Beautiful............ ( cannot imagine what others are seeing but this screen looks Great to me) 6.) FINALLY they put the speakers in the FRONT so it is much easier to hear you shows or music etc 7.) I think this is My FAV............I put in a great big 125g sd card and I am loaded to download anything I choose... loads of Movie from the A Amazon Prime Movies,..................ALL of my audio books from Audible.................and a huge amt of my Kindle Books...........I am delighted....... and should get several years out of this tablet in its present format..........ESP. now that google PLAY STORE is on it .Happy Happy Happy......",deal got great tablet great price prime day little concerned would bigto handle wrongfirst surprised several things fire made smile even though large size weight light much easier handle expected esp since fire hd heavy unit several things wasnt expecting one screen mirroring means see tablets screen great big tv screen choose games ever smooth fast due nice processor whoo hoo google play store easily added without disrupting amazon experience look youtube took less minutes running think screen beautiful cannot imagine others seeing screen looks great finally put speakers front much easier hear shows music etc think favi put great big g sd card loaded download anything choose loads movie amazon prime moviesall audio books audibleand huge amt kindle booksi delighted get several years tablet present formatesp google play store happy happy happy
Amazon Devices,5.0,0.0,"This is my 4th Kindle Fire, I also have the first generation, an 8.9 HDX and the new 6. The first thing that impresses is how thin and light this new model is, despite being the largest Fire to date. I love the more narrow, widescreen design of the screen, perfect for watching videos and reading books in portrait mode. Anyway, before I get carried away gushing, Ill just list my pros and one or two cons, to make this easier to read and save time.PROS:Wide screen design is perfect for videos and allows more text on a page for books.The stereo speakers sound incredible, even better than the previous HDX modelFor comic book readers comics purchased from Amazon now utilize the active panel reading mode from Comixology. I was wondering when Amazon was going to incorporate this feature for their comics, finally!Battery life seems to be similar to my 8.9 HDX, but Im happy with that considering the larger screen and thinness of the device.Considerably faster response time across the board.Finally! We can add a micro SD card to expand storage capacity! Yay!The camera takes photos that are much better quality than previous FireCONS:Would have preferred a rubberized back and case. The glossy finish is a fingerprint magnet also.Still deciding on the new software layout, maybe its because Im so familiar with the old Fire OS, but lets just say Im not blown away be the design so far.",th kindle fire also first generation hdx new first thing impresses thin light new model despite largest fire date love narrow widescreen design screen perfect watching videos reading books portrait mode anyway get carried away gushing ill list pros one two cons make easier read save timeproswide screen design perfect videos allows text page booksthe stereo speakers sound incredible even better previous hdx modelfor comic book readers comics purchased amazon utilize active panel reading mode comixology wondering amazon going incorporate feature comics finallybattery life seems similar hdx im happy considering larger screen thinness deviceconsiderably faster response time across boardfinally add micro sd card expand storage capacity yaythe camera takes photos much better quality previous fireconswould preferred rubberized back case glossy finish fingerprint magnet alsostill deciding new software layout maybe im familiar old fire os lets say im blown away design far
Amazon Devices,4.0,0.0,"I purchased 3 of these Kindle kids edition tablets for my toddlers (ages 4,3,2 years old) And 1 non kids edition one for our older child for Easter. I was quite nervous that they'd break or the cases wouldn't be durable or that they wouldn't be able to use the apps they'd been using on my Samsung Tab S.After considering the price to purchase 3 of them and checking out the apps my husband and I were pretty sure we would purchase them. Then I came across the warranty. 2 year worry free guarantee! Are you kidding me I knew there had to be a catch, I couldn't find one and at that point we were convinced it would be a good investment.I ordered 3 (at the time pink and blue were our only color choices) So we have 1 pink and 2 blue. Which has caused a host of issues on the toddler level (identifying who's tablet is who's as you can imagine)They were easy to set up and create their own profiles and add apps to each of their tables . I love the unlimited freetime, they've had their tables for a few months now and can completely work them themselves and download the apps/movies/books that they want. I don't have to do it for them (with the exception of my 2 year old of course). I was able to link our Disney movies anywhere account with our Amazon account and now they can access all of our Disney digital movies on their tables! Which was a huge win for us! I do wish that Amazon could figure out a way for us to be able to link our Ultraviolet movies, it's a huge bummer that Amazon doesn't offer any app to make that possible. I also love that I can login to my Amazon account and send apps/movies etc to their tablets as I see fit, I can locate and page their tables when they are misplaced and remote lock them if I need to .Read more",purchased kindle kids edition tablets toddlers ages years old non kids edition one older child easter quite nervous theyd break cases wouldnt durable wouldnt able use apps theyd using samsung tab safter considering price purchase checking apps husband pretty sure would purchase came across warranty year worry free guarantee kidding knew catch couldnt find one point convinced would good investmenti ordered time pink blue color choices pink blue caused host issues toddler level identifying whos tablet whos imaginethey easy set create profiles add apps tables love unlimited freetime theyve tables months completely work download appsmoviesbooks want dont exception year old course able link disney movies anywhere account amazon account access disney digital movies tables huge win us wish amazon could figure way us able link ultraviolet movies huge bummer amazon doesnt offer app make possible also love login amazon account send appsmovies etc tablets see fit locate page tables misplaced remote lock need read
Amazon Devices,1.0,1.0,"As the Kids Edition is nothing more than a basic 50 7 Kindle Fire with some extras, this review is primarily concerned with the 50-worth of extras bundled with the Kids Edition. Primarily, the year of included Freetime.As for the guts of the tablet itself, it's fine. Not great, but certainly fine. It's not the fastest tablet. It isn't the most feature-rich tablet. It doesn't have the sharpest display. But it's only 50, so it deserves to be graded on a curve. For a 50 tablet, it's great.Now, grab a coffee, get comfortable, because I have some thoughts on Amazon's Freetime service for kids/parents:Price plus the year of Freetime were the selling points for me (the case and added warranty were nice bonuses). The problem is, Freetime, though fantastic in theory, isn't even half-baked. It's a lump of dough left on the counter to rise. And then whoever was supposed to put it in the oven got distracted and forgot about it. It's getting moldy, and it smells kind of funny.Freetime: great in theory, terrible in practice.Normally, when you buy a new tablet, it might have a little bloatware pre-installed, but you generally don't start with the offerings of the entire app store on your homescreen. You find and add the apps you want.The way you install/remove apps in Freetime is sort of backwards. It's subtractive. Every single title is served up on the home screen (and in the apps, books, videos screens). These aren't technically pre-installed, but to a young kid looking at a sea of icons, it looks like he has all of these wonderful titles at his disposal. Well, he does. But only sort of. He clicks Elmo's face, and the wheel starts spinning over the icon while it downloads.Read more",kids edition nothing basic kindle fire extras review primarily concerned worth extras bundled kids edition primarily year included freetimeas guts tablet fine great certainly fine fastest tablet isnt featurerich tablet doesnt sharpest display deserves graded curve tablet greatnow grab coffee get comfortable thoughts amazons freetime service kidsparentsprice plus year freetime selling points case added warranty nice bonuses problem freetime though fantastic theory isnt even halfbaked lump dough left counter rise whoever supposed put oven got distracted forgot getting moldy smells kind funnyfreetime great theory terrible practicenormally buy new tablet might little bloatware preinstalled generally dont start offerings entire app store homescreen find add apps wantthe way installremove apps freetime sort backwards subtractive every single title served home screen apps books videos screens arent technically preinstalled young kid looking sea icons looks like wonderful titles disposal well sort clicks elmos face wheel starts spinning icon downloadsread
Amazon Devices,4.0,0.0,"This was really worth the wait. I bought the Echo Show for my parents, who are elderly, and have a variety of ailments. Since they have arthritis, and a few other issues, I didn't want them to go and answer the doorbell, just to find it's someone soliciting them to buy random junk. So, last year, I bought and installed the Ring Doorbell Pro in their house, which works very well. The Ring Doorbell Pro is hardwired and not battery operated. After the skill was enabled, I could tell Alexa to show me the front doorbell and a video feed automatically pops up. You really need a good Wi-Fi router with the Echo show as the video will be jerky since the video is very high quality. If you have a good Wi-Fi router, the video comes up very quickly and runs very smooth. I thought the doorbell would launch the app on the Echo Show automatically, but it does not. You have to initiate the connection yourself. Hopefully this will be an option in the next iteration of this skill. I can think of a whole bunch of ideas for this skill to do, but for a very first implementation, it works great with the hardwired version of the Ring Doorbell Pro.The battery powered Ring products do not work as great though. When trying to connect the Echo Show to a battery powered Ring device, I get a message saying something like, The camera is asleep and needs to wake up and it could take 30 sec. This happens with my Ring Stickup Camera. So, if you want the best experience, you should buy the Ring Doorbell Pro instead of the battery powered versions.One of my parents just came out of the hospital and sometimes just doesn't have the energy to even pick up a cell phone when we call. So, we have another Echo Show, just for her, in drop in mode.Read more",really worth wait bought echo show parents elderly variety ailments since arthritis issues didnt want go answer doorbell find someone soliciting buy random junk last year bought installed ring doorbell pro house works well ring doorbell pro hardwired battery operated skill enabled could tell alexa show front doorbell video feed automatically pops really need good wifi router echo show video jerky since video high quality good wifi router video comes quickly runs smooth thought doorbell would launch app echo show automatically initiate connection hopefully option next iteration skill think whole bunch ideas skill first implementation works great hardwired version ring doorbell prothe battery powered ring products work great though trying connect echo show battery powered ring device get message saying something like camera asleep needs wake could take sec happens ring stickup camera want best experience buy ring doorbell pro instead battery powered versionsone parents came hospital sometimes doesnt energy even pick cell phone call another echo show drop moderead
Amazon Devices,4.0,0.0,"Initially I gave the Echo Show a 3 star rating. In all fairness after about 20 days of use I've decided to change my score and here's why. First off Amazon reached out to me requesting feed back and advice. I appreciate the concern and their attempts to improve the device. I've also noticed quite a few updates in the short time I've had my Show and honestly things are changing for the better. I've been updating my review and will continue to do so as I've noticed updates and get more hands on experience. After separating my expectations from the actual capabilities of this device I've come to the conclusion that the Show still had me wanting more despite it's capabilities. I currently own the original echo which is in my living room, a dot in my bedroom, and one at work. I have lights, fans, a thermostat, surround sound, and TV all connected to my Alexa devices. Of course I had to buy one with a screen. I'm a big fan of Alexa, the products have become a routine part of my day. As soon as the Show was available to preorder I ordered one without any hesitation.Initially I wanted to put my show on a 70 inch TV stand by my 60 inch TV where my original Echo was. I figured it wouldn't look bad because I could use it as a digital picture frame also. I don't have end tables and quickly came to the realization that viewing a 7 inch screen from 8 feet away wasn't going to work for me. My Show now sits on my kitchen counter. I figured I'd get more use out of it in my living room because most of my Alexa enabled devices are in there and generally I spend more time in my living room than the kitchen. A few people mentioned why don't you put it on your desk.Read more",initially gave echo show star rating fairness days use ive decided change score heres first amazon reached requesting feed back advice appreciate concern attempts improve device ive also noticed quite updates short time ive show honestly things changing better ive updating review continue ive noticed updates get hands experience separating expectations actual capabilities device ive come conclusion show still wanting despite capabilities currently original echo living room dot bedroom one work lights fans thermostat surround sound tv connected alexa devices course buy one screen im big fan alexa products become routine part day soon show available preorder ordered one without hesitationinitially wanted put show inch tv stand inch tv original echo figured wouldnt look bad could use digital picture frame also dont end tables quickly came realization viewing inch screen feet away wasnt going work show sits kitchen counter figured id get use living room alexa enabled devices generally spend time living room kitchen people mentioned dont put deskread
Amazon Devices,5.0,0.0,"The Amazon Echo Show is a voice-activated device. You can instruct it to play video content, play music, stream online audio, order products and services, and control home automation products. The Echo Show is the first device of its kind to feature its own screen, which in my opinion, greatly enhances the use and potential of this device.Ive been using this device for a few days so far. Below you will find some of my initial impressions: What I Like Good build quality: The Show has a nice, bright screen that has good viewing angles.Good sound: The speakers on the Show sound much better than the original echo.Easy setup: Setup was extremely easy, mostly due to the Shows touch screen. After making a few selections, the Show was up and running in no time.Content suggestions: When you aren't interacting with the Show, it continuously displays content suggestions. I like that it will suggest videos to watch.Video content: I like being able to view Amazon Video, video news briefings, movie trailers, and YouTube videos on the Show.Video calling: Video calling works as advertised. I like being able to initiate a call with my voice.Music with lyrics: When playing songs from Amazon Music, you can see album art and song lyrics on the screen.Home automation: Like other Echos, the Show can control your smart home products. The show has the extra ability to display camera feeds.On-screen apps: The echo can display my calendar, reminders, lists, timers, local weather, and more. Because of this, I find the Show infinitely more useful than the original Echo. What I Don't Like The Show needs more functionality that leverages the touch screen.Read more",amazon echo show voiceactivated device instruct play video content play music stream online audio order products services control home automation products echo show first device kind feature screen opinion greatly enhances use potential deviceive using device days far find initial impressions like good build quality show nice bright screen good viewing anglesgood sound speakers show sound much better original echoeasy setup setup extremely easy mostly due shows touch screen making selections show running timecontent suggestions arent interacting show continuously displays content suggestions like suggest videos watchvideo content like able view amazon video video news briefings movie trailers youtube videos showvideo calling video calling works advertised like able initiate call voicemusic lyrics playing songs amazon music see album art song lyrics screenhome automation like echos show control smart home products show extra ability display camera feedsonscreen apps echo display calendar reminders lists timers local weather find show infinitely useful original echo dont like show needs functionality leverages touch screenread
Amazon Devices,5.0,0.0,"I waited two days to set up Show to give myself a reward for working. I read the majority of the reviews already posted. I have no idea why there is even a one-star review.Setup was a breeze. My Ring Pro screen pops up brilliantly. Nest cameras, too. Played Adele at the maximum volume and sang along with the lyrics Show trickled on the screen.As far as those who boo hoo over the headlines Show displays, you can give her the voice command of DND. Problem solved. Then, just tell her to wake up.I followed the simple instructions on how to change the generic photo on Show's home screen. Easy peasy.Granted, I haven't made a video call yet. Waiting for my folks to get in the game and buy Show.I'm not a lover of all things Amazon. I bought the newest Fire Tablet but returned it after a week. Show redeemed Amazon.If yours isn't working, you either got a dud or you're not doing something right.",waited two days set show give reward working read majority reviews already posted idea even onestar reviewsetup breeze ring pro screen pops brilliantly nest cameras played adele maximum volume sang along lyrics show trickled screenas far boo hoo headlines show displays give voice command dnd problem solved tell wake upi followed simple instructions change generic photo shows home screen easy peasygranted havent made video call yet waiting folks get game buy showim lover things amazon bought newest fire tablet returned week show redeemed amazonif isnt working either got dud youre something right
Amazon Devices,5.0,0.0,"First day with the echo show. I'm pretty pleased with it. Some observations that I think have not been hit in most reviews:* Sound quality seems similar to that of the Echo cylinder. Good for a desktop listening experience, not impressive if you want to fill a room with sound.* The Show does have an ambient light sensor (using the camera) so that the screen dims as the room lighting goes down. When I darkened the room at night to work at my PC, the Show display dimmed to the point where I could just make out the time, and not the background photo at all.* Much has been made of the Show displaying lyrics when playing Prime music. That doesn't appeal to me, but when playing music from Spotify, Pandora, and My Music on Amazon, the Show displays the song title, artist name, album art, and a progress indicator. That's really nice when listening to playlists - I was always asking my Echo cylinder Alexa, what's that song* Alexa has always been weak at recognizing the names of some of my Pandora channels. With the show, if Alexa doesn't recognize the name, I can ask it to display my Pandora channels and select them fro mthe Show touch screen, It's good to have a fallback that does not require me to pull out my phone and fire up the Alexa app, then work my way through multiple screens to get my selection.* Some newsfeeds are now accompanied by appropriate photographs.* You can set the Show to use an album from Amazon Prime Photos as a slideshow when the device is inactive. AFAIK, other photo servers cannot be used.",first day echo show im pretty pleased observations think hit reviews sound quality seems similar echo cylinder good desktop listening experience impressive want fill room sound show ambient light sensor using camera screen dims room lighting goes darkened room night work pc show display dimmed point could make time background photo much made show displaying lyrics playing prime music doesnt appeal playing music spotify pandora music amazon show displays song title artist name album art progress indicator thats really nice listening playlists always asking echo cylinder alexa whats song alexa always weak recognizing names pandora channels show alexa doesnt recognize name ask display pandora channels select fro mthe show touch screen good fallback require pull phone fire alexa app work way multiple screens get selection newsfeeds accompanied appropriate photographs set show use album amazon prime photos slideshow device inactive afaik photo servers cannot used
Amazon Devices,5.0,0.0,I read all of the reviews of If you have the Fire HDX 8.9 don't buy this 10.1 tablet. The resolution is just as good on the 10.1 as the HDX. Starts up faster that the HDX. It's a nice size not a solid square like the IPAD'S. I saved myself 80.00 by buy the refurbished there is nothing wrong with it. I highly recommend this Kindle over than a high priced IPAD.,read reviews fire hdx dont buy tablet resolution good hdx starts faster hdx nice size solid square like ipads saved buy refurbished nothing wrong highly recommend kindle high priced ipad
Amazon Devices,5.0,0.0,This review is about the certified refurbished Fire HD 10 unit I ordered. It looked and acted like a new unit for 80 less. Still trying to decide if I want to give them back 15 to remove the obnoxious adds on the lock screen. They really aren't that bad.,review certified refurbished fire hd unit ordered looked acted like new unit less still trying decide want give back remove obnoxious adds lock screen really arent bad
Amazon Devices,5.0,0.0,"I purposely waited almost 4 months before leaving a review. I wanted to see if any issues developed before leaving feedback. I was not disappointed. The refurbished fire arrived in perfect condition, no scratches or wear. I purchased a screen cover immediately to insure it would remain in good shape. After 4 months, it works like a champ. No issues whatsoever. VERY PLEASED and would not hesitate purchasing refurbished item again. Amazon has ALWAYS treated me superbly with any issues I might have with orders or returns.",purposely waited almost months leaving review wanted see issues developed leaving feedback disappointed refurbished fire arrived perfect condition scratches wear purchased screen cover immediately insure would remain good shape months works like champ issues whatsoever pleased would hesitate purchasing refurbished item amazon always treated superbly issues might orders returns
Amazon Devices,5.0,0.0,"I've had my hdx 7 going on 3 years, I love it! I needed a larger screen for my eyes, I'm so glad I went with the refurbished, I've only had to get used to the different op system. I don't use this for gaming or movies, I am an avid reader and this is awesome for increasing the size of the pages and font. I did have some problems downloading my books but that's just me and my lack of kindle tech it shouldn't take me too much longer to get used to this newer system.",ive hdx going years love needed larger screen eyes im glad went refurbished ive get used different op system dont use gaming movies avid reader awesome increasing size pages font problems downloading books thats lack kindle tech shouldnt take much longer get used newer system
Amazon Devices,4.0,0.0,"I have now owned 4 Kindles and just love them! My first one lasted for years and then died of old age and overuse. I had used it so much the printed keypads were all blank. I then got 2 Kindle Fires. I gave one to my daughter and kept the other. I have had no problem with the Fire once I broke down and read some of the direction, if all else fails. Other than operator error I have used it for over a year but it's too heavy for my old overused hands. Not heavy though. Books now give me problems. Even paperbacks. But I then bought the smaller, lighter new Kindle and loved it from the first. I carried in my purse a lot so it froze after a few months. I called customer support and they replaced it with a refurbished one. This time I bought a light weight cover for it. I don't like the added weight of the cover but in order for me to never leave home without it I have to protect it. I have had this one for months and have had no problems. I now have about 600 books awaiting my pleasure! I just looked the Kindles over again. I'm getting paranoid about my little Kindle and am considering having an on site backup although Amazon would get me one here in just a couple of days. Still giving it thought. Basically I love my Kindles and use both of my current ones for different apps.",owned kindles love first one lasted years died old age overuse used much printed keypads blank got kindle fires gave one daughter kept problem fire broke read direction else fails operator error used year heavy old overused hands heavy though books give problems even paperbacks bought smaller lighter new kindle loved first carried purse lot froze months called customer support replaced refurbished one time bought light weight cover dont like added weight cover order never leave home without protect one months problems books awaiting pleasure looked kindles im getting paranoid little kindle considering site backup although amazon would get one couple days still giving thought basically love kindles use current ones different apps
Amazon Devices,5.0,0.0,Very useful for those who enjoy reading and inspiring those who do not have a habit of reading. Needed for anyone not yet,useful enjoy reading inspiring habit reading needed anyone yet
Amazon Devices,5.0,0.0,I have the kindle fire but was frustrated when taking it to the beach. This model is easy to read on the beach and was easy to set up. You can't tell that it's refurbished - it looks brand new.,kindle fire frustrated taking beach model easy read beach easy set cant tell refurbished looks brand new
Amazon Devices,5.0,0.0,Excelente,excelente
Amazon Devices,1.0,1.0,"DON'T BUY a reburbished Kindle. I've had to return them, twice. Apparently, Amazon's definition of refurbish is to take a Kindle with some problem or defect, simply repackage it and send out again to see if some different customer might take it off their hands.Both times, the 'refurbished' Kindles shorted out in different ways. The Kindles especially liked to misfunction while I was in the middle of working out at the gym.",dont buy reburbished kindle ive return twice apparently amazons definition refurbish take kindle problem defect simply repackage send see different customer might take handsboth times refurbished kindles shorted different ways kindles especially liked misfunction middle working gym
Amazon Devices,4.0,0.0,"The refurbished Kindle looks brand new, I wouldn't even know that it was used. The only down side was that when I opened up the package, the Kindle was already on.",refurbished kindle looks brand new wouldnt even know used side opened package kindle already
Amazon Devices,1.0,1.0,"Bought a refurbished kindle and literally after one month of owning it the device started to freeze. I had to reboot it multiple times and then it would start working. Went on a trip and it worked as it should but as soon as I returned the battery died and I charged it over night and the next morning the screen was frozen with the character reading a book under a tree. I tried all rebooting methods (20 seconds, 40 seconds, 1 minute) and nothing. Called customer service and was on the phone for an hour. Eventually they said that they could only give me 35 off the next purchase of a new kindle. I was pretty bummed out that a refurbished product of their own was not backed by them. I ended up buying a new kindle with the discount they gave me but should have just went with a new one to begin with since I ended up spending the same amount of money and had way more of a headache to deal with. Now I have to figure out what to do with this new Kindle Paper Weight that I have.",bought refurbished kindle literally one month owning device started freeze reboot multiple times would start working went trip worked soon returned battery died charged night next morning screen frozen character reading book tree tried rebooting methods seconds seconds minute nothing called customer service phone hour eventually said could give next purchase new kindle pretty bummed refurbished product backed ended buying new kindle discount gave went new one begin since ended spending amount money way headache deal figure new kindle paper weight
Amazon Devices,5.0,0.0,"Although I've owned almost every model of Kindle ebook readers since the 2nd generation Kindle that I bought in 2009, I had to think hard about ordering the new Voyage. I was very happy with my Paperwhite (the 2nd generation that was released in the fall of 2013), and as much as I wanted to try the Voyage, I wasn't sure I wanted to spend 199 on one. It became a moot point, though, when my wife ordered the Voyage, saying it was her early Christmas present to me. Now that I've had time to use the Voyage, I have to say I'm impressed. With hardware features like a 300 ppi display, LEDs that automatically adjust the screen brightness depending on the ambient lighting, and the user's choice of a touchscreen or sensors acting like buttons to turn pages, the Voyage is hands down the state-of-the-art e-ink ebook reader. At the end of my review, I'll give my opinion on whether it's worth upgrading from your current ebook reader.When I received the Voyage, the setup was quick (although you do have to go through a brief tutorial), and after downloading a few of my books from the Amazon Cloud and adjusting a few settings, the Voyage was ready to go. Here's a brief comparison of the Voyage and the Paperwhite:Voyage---------Size: 6.4x4.5x0.30Weight (wi-fi version): 6.3 ouncesDisplay: 6 diagonal, 300 pixels per inch, 16-level grayscale, LED frontlitStorage memory: 4GBPage turns: Touchscreen plus PagePressDisplay lighting: Adaptive light sensor (automatic) plus manual adjustmentPaperwhite-------------Size: 6.7x4.6x0.36Weight (wi-fi version): 7.Read more",although ive owned almost every model kindle ebook readers since nd generation kindle bought think hard ordering new voyage happy paperwhite nd generation released fall much wanted try voyage wasnt sure wanted spend one became moot point though wife ordered voyage saying early christmas present ive time use voyage say im impressed hardware features like ppi display leds automatically adjust screen brightness depending ambient lighting users choice touchscreen sensors acting like buttons turn pages voyage hands stateoftheart eink ebook reader end review ill give opinion whether worth upgrading current ebook readerwhen received voyage setup quick although go brief tutorial downloading books amazon cloud adjusting settings voyage ready go heres brief comparison voyage paperwhitevoyagesize xxweight wifi version ouncesdisplay diagonal pixels per inch level grayscale led frontlitstorage memory gbpage turns touchscreen plus pagepressdisplay lighting adaptive light sensor automatic plus manual adjustmentpaperwhitesize xxweight wifi version read
Amazon Devices,5.0,0.0,"Since other people have gone into detail on the device, I will answer only the burning questions I had before I received mine. I was very happy with my Paperwhite and would not have bought this had mine not been stolen/lost (not sure which). My husband still has his Paperwhite, so I was able to compare them side by side.CAN I USE THE WALL CHARGER FROM MY PAPERWHITE TO CHARGE THE VOYAGEYes.CAN PRESSING THE PAGE TURNERS CAUSE REPETITIVE USE ISSUESI don't think so. You can turn down the pressure it needs (which is very slight) or you can turn it off completely and turn pages with a tap. It's actually nice to have both options.CAN YOU SEE WHERE TO TURN THE PAGES IN THE DARKNo. You can guess where the page forward area is, but the page back is a dot, so guessing would be difficult. But you can still tap to turn pages. Using a cover helps, as the edge of the cover would be right over the dot.DOES THE FEEDBACK BUZZ ANNOY YOU WHEN YOU TURN PAGESI think it does take a little getting used to, but you can turn it down, and I think I will not notice it after a while. (There's no sound it's purely tactile.) Months later: It's not distracting you forget about it.IS THE ADJUSTABLE LIGHT NICEI still do it manually. It doesn't adjust the way I'd like it to. Not as bright in good light as I'd like, and not as dim while my husband is sleeping next to me. Note that if you want to use the night light, you have to set that separately from Auto Adjust. Settings/Device Options/Screen Light. I'm not actually sure that the night light is working. It was at 18 when I turned off the light (this is quite bright), and I checked it about 10 minutes later, and it was at 17.Read more",since people gone detail device answer burning questions received mine happy paperwhite would bought mine stolenlost sure husband still paperwhite able compare side sidecan use wall charger paperwhite charge voyageyescan pressing page turners cause repetitive use issuesi dont think turn pressure needs slight turn completely turn pages tap actually nice optionscan see turn pages darkno guess page forward area page back dot guessing would difficult still tap turn pages using cover helps edge cover would right dotdoes feedback buzz annoy turn pagesi think take little getting used turn think notice theres sound purely tactile months later distracting forget itis adjustable light nicei still manually doesnt adjust way id like bright good light id like dim husband sleeping next note want use night light set separately auto adjust settingsdevice optionsscreen light im actually sure night light working turned light quite bright checked minutes later read
Amazon Devices,5.0,0.0,"I'm a long time Kindle user, and have upgraded a number of times. Every upgrade was a significant improvement, and the Oasis continues that trend. I love my Voyage, but the Oasis makes it feel like a hardback book. The pictures and descriptions don't do the size and weight justice. Shockingly light, and small even with the case. Used without the case, it's like holding a few sheets of paper. Amazing. Haven't had it long enough to evaluate the battery life, but never had a problem with the previous models, so I assume the promise of much longer battery life (with the secondary battery in the case) is accurate.The balance in the hand without the case is stunningly good. With the case feels a bit like the Voyage (although quite a bit lighter than my Voyage in its case). Case is high quality and easy to put on and take off as needed. Screen seems a smidge clearer and higher definition than my Voyage (maybe due to the updated lighting system).I had the 'pressure sensitive' page turner option on my Voyage turned off. Much too jumpy and sensitive, even at its 'hard' setting. I won't miss that. The new mechanical buttons on the Oasis are AWESOME. Nice upgrade there, and nice to not have to touch the screen for the most part.Yes, it is pricey. I would say if you are a 'few hour a week' reader, the Paperwhite is your best bet (solid performance and very good price/value). But if you are a reading fanatic who reads a lot every day (like me!), the extra battery life and the balance/size/weight, along with the slightly improved screen is WELL worth the money, especially when spread over the life of the unit.Edit: A few more comments now that I've been using the Oasis for a number of months.Read more",im long time kindle user upgraded number times every upgrade significant improvement oasis continues trend love voyage oasis makes feel like hardback book pictures descriptions dont size weight justice shockingly light small even case used without case like holding sheets paper amazing havent long enough evaluate battery life never problem previous models assume promise much longer battery life secondary battery case accuratethe balance hand without case stunningly good case feels bit like voyage although quite bit lighter voyage case case high quality easy put take needed screen seems smidge clearer higher definition voyage maybe due updated lighting systemi pressure sensitive page turner option voyage turned much jumpy sensitive even hard setting wont miss new mechanical buttons oasis awesome nice upgrade nice touch screen partyes pricey would say hour week reader paperwhite best bet solid performance good pricevalue reading fanatic reads lot every day like extra battery life balancesizeweight along slightly improved screen well worth money especially spread life unitedit comments ive using oasis number monthsread
Amazon Devices,5.0,0.0,"Note: My original Kindle Oasis review was posted on 4/29/16 on this product page on Amazon: New - Kindle Oasis E-reader with Leather Charging Cover. This page is for the same product but for purchasers who wish to use it outside of the U.S. My original review follows.UPDATE 7/24/16: After using my Oasis for almost 3 months, I thought I would add a brief comment to my original review. I have settled on using the Oasis for reading in bed, where it's lighter and easier to hold and I prefer the page turn button style. For my reading elsewhere, for example if I want to read while eating, I use my Voyage w/origami case to hold it upright. I can read the same book using both Kindles since they stay synch'd to one another, and it's given me basically the best of both worlds, at least for my style of reading. The Voyage with cover almost seems clunky - bulkier and heavier - compared to the Oasis, but when it's sitting on a table it hardly matters. I have to say that I'm fortunate in being able to afford both, and the new base model Kindle that I recently picked up is not yet getting much use, even though much of my reading is in lighting conditions where the non-illuminated display works just fine. My original review follows.---------Amazon released the first Kindle in November of 2007. Eight and a half years later, the Oasis model is the 8th generation Kindle and the third evolution of Kindle with built-in illumination. The price of 300+ was a bit of a shock, but I ordered mine as soon as it was announced on April 13th.Read more",note original kindle oasis review posted product page amazon new kindle oasis ereader leather charging cover page product purchasers wish use outside us original review followsupdate using oasis almost months thought would add brief comment original review settled using oasis reading bed lighter easier hold prefer page turn button style reading elsewhere example want read eating use voyage worigami case hold upright read book using kindles since stay synchd one another given basically best worlds least style reading voyage cover almost seems clunky bulkier heavier compared oasis sitting table hardly matters say im fortunate able afford new base model kindle recently picked yet getting much use even though much reading lighting conditions nonilluminated display works fine original review followsamazon released first kindle november eight half years later oasis model th generation kindle third evolution kindle builtin illumination price bit shock ordered mine soon announced april thread
Amazon Devices,2.0,1.0,"This is my 4th Kindle since I bought my first one as soon as Kindle was launched. With every new model, I was fascinated by the improvements and kept recommending them to friends. The Voyager was the first time I felt somewhat frustrated with an Amazon product.Yes, it is lighter and even easier to read than my previous models - if you are buying your first one, don't hesitate - it is still a great product and still much more comfortable to use than trying to read a book on an iPad - even if it is an iPad Mini.But... There are a few things that I thing Amazon should fix on this one, specially because it is the top of the line Kindle:1. The battery cover just keeps disconnecting from the reader itself. The magnetic attachment is just not strong enough to keep it in position as you manipulate the reader. Previous covers just stayed in place and even the Apple magnetic cover attaches better than this one.2. As you are able to turn off the page buttons on the side, you should be able to turn off page turning on the screen. The way I got used to handle the kindle and as I constantly change hands when I am reading, I get a lot of undesired page turns because I touched the screen somewhere. A very simple fix that could be in one of the next software updates that would greatly improve my perception of the device.3. Battery life (even with the cover) is far from what I expected. My old Kindle had a battery that lasted for more than a month, the new one needs recharging every 15 days.4. The device itself is so light and the battery cover so cumbersome that it should come with a simple,e cover just to protect the screen when you throw it in the bag.5.Read more",th kindle since bought first one soon kindle launched every new model fascinated improvements kept recommending friends voyager first time felt somewhat frustrated amazon productyes lighter even easier read previous models buying first one dont hesitate still great product still much comfortable use trying read book ipad even ipad minibut things thing amazon fix one specially top line kindle battery cover keeps disconnecting reader magnetic attachment strong enough keep position manipulate reader previous covers stayed place even apple magnetic cover attaches better one able turn page buttons side able turn page turning screen way got used handle kindle constantly change hands reading get lot undesired page turns touched screen somewhere simple fix could one next software updates would greatly improve perception device battery life even cover far expected old kindle battery lasted month new one needs recharging every days device light battery cover cumbersome come simplee cover protect screen throw bagread
Amazon Devices,5.0,0.0,"The new Fire HDX 8.9 is definitely one powerful tablet, packed with some pretty nice features. While it does have some small flaws here and there, it generally is an all around great buy. I'll go over some of what I've noticed using the tablet, what I've learned from others who are using it, as well as the specs and how I feel about them. Hopefully it'll give you more insight into the product and help you make an easier decision whether or not to buy it.*** BUILD QUALITY ***One of the first things I noticed was the outstanding build quality. The tablet weighs less than much of its competition, and provides a nice feel due to the materials used in making the case which gives you a nice grip so you don't drop the tablet as easily. Everything feels solid... it doesn't have that cheap feel that some of the Android based tablets have. Apple still holds the title for most durable case as it's aluminum but unless you plan on throwing this thing around, you don't need the aluminum... it weighs more and it's cold!*** SNAPDRAGON PROCESSOR AND GPU ***This new HDX 8.9 comes with the 2.5Ghz Snapdragon processor and a nice GPU so this is going to be one of your fastest tablets on the market at the moment, if not the fastest. Intel and NVIDIA are continuously working on CPU's for the tablet and Chromebook markets, bragging about their performance and how they blow away the competition. Acer, for example, is utilizing an NVIDIA Tegra K1 ARM based CPU running at 2.1GHz quad-core. That is insanely fast for something like a Chromebook which functionality wise, is pretty much the same thing as a tablet. Unfortunately for Acer, the Snapdragon CPU on the Fire HDX is more powerful (2.5 GHz vs. 2.1 GHz) and appears to be using less power.Read more",new fire hdx definitely one powerful tablet packed pretty nice features small flaws generally around great buy ill go ive noticed using tablet ive learned others using well specs feel hopefully itll give insight product help make easier decision whether buy build quality one first things noticed outstanding build quality tablet weighs less much competition provides nice feel due materials used making case gives nice grip dont drop tablet easily everything feels solid doesnt cheap feel android based tablets apple still holds title durable case aluminum unless plan throwing thing around dont need aluminum weighs cold snapdragon processor gpu new hdx comes ghz snapdragon processor nice gpu going one fastest tablets market moment fastest intel nvidia continuously working cpus tablet chromebook markets bragging performance blow away competition acer example utilizing nvidia tegra k arm based cpu running ghz quadcore insanely fast something like chromebook functionality wise pretty much thing tablet unfortunately acer snapdragon cpu fire hdx powerful ghz vs ghz appears using less powerread
Amazon Devices,5.0,0.0,"I'm writing this review with the benefit of being an experienced Kindle Fire user vs. someone brand new to the Kindle family. In summary, you are getting a great deal on a tablet computer - especially if you compare it to the 500 or more you can spend on a Wi-Fi version of iPad. Overall, if you consider the price and the functionality I think this is a great tool / toy if you watch a lot of video or play a lot of games on your device: the video quality is outstanding. If you are a first-time large-screen tablet buyer, where price vs. value is a key consideration in comparison to more expensive versions, I'd recommend it. If you're comparing last year's HDX model to this version and it is operating fine, I'd say save your money and continue to get your money's worth out of that one.My review below compares a lot of the features of this version of the Fire HDX to last year's Fire HDX but also some of the features for a first-time user.Consistent with my experience with setup of previous models of the Fire, setup took a while: despite being a brand new product, the Fire attempted to download and install several operating software updates. You just need to be patient while it downloads and installs.Screen Display / Video Playback:This version of the Fire has the best screen display of any previous model of Fire and looking at the technical specs Amazon made some major changes in the display / resolution, and the picture appears more crisp in a side-by-side comparison to last years HDX version and my iPad Air (yes, the Kindle guy uses an iPad for work): I compared the viewing experience watching an episode of The Lost Ship.Read more",im writing review benefit experienced kindle fire user vs someone brand new kindle family summary getting great deal tablet computer especially compare spend wifi version ipad overall consider price functionality think great tool toy watch lot video play lot games device video quality outstanding firsttime largescreen tablet buyer price vs value key consideration comparison expensive versions id recommend youre comparing last years hdx model version operating fine id say save money continue get moneys worth onemy review compares lot features version fire hdx last years fire hdx also features firsttime userconsistent experience setup previous models fire setup took despite brand new product fire attempted download install several operating software updates need patient downloads installsscreen display video playbackthis version fire best screen display previous model fire looking technical specs amazon made major changes display resolution picture appears crisp sidebyside comparison last years hdx version ipad air yes kindle guy uses ipad work compared viewing experience watching episode lost shipread
Amazon Devices,5.0,0.0,"UPDATE 7/24/16: After using my Oasis for almost 3 months, I thought I would add a brief comment to my original review. I have settled on using the Oasis for reading in bed, where it's lighter and easier to hold and I prefer the page turn button style. For my reading elsewhere, for example if I want to read while eating, I use my Voyage w/origami case to hold it upright. I can read the same book using both Kindles since they stay synch'd to one another, and it's given me basically the best of both worlds, at least for my style of reading. The Voyage with cover almost seems clunky - bulkier and heavier - compared to the Oasis, but when it's sitting on a table it hardly matters. I have to say that I'm fortunate in being able to afford both, and the new base model Kindle that I recently picked up is not yet getting much use, even though much of my reading is in lighting conditions where the non-illuminated display works just fine. My original review follows.---------Amazon released the first Kindle in November of 2007. Eight and a half years later, the Oasis model is the 8th generation Kindle and the third evolution of Kindle with built-in illumination. The price of 300+ was a bit of a shock, but I ordered mine as soon as it was announced on April 13th. I then spent the next two weeks reading what was available online describing the features and benefits and asking myself whether or not I had made the right decision. Now that its finally been released and I have it in my hands, how different is it, and is it worth what appears at first to be a very high price(My Kindle experience: I purchased my first Kindle (a first generation Paperwhite), when it was first released in Sept 2012. I purchased the Voyage when it was first released, in Sept 2014.Read more",update using oasis almost months thought would add brief comment original review settled using oasis reading bed lighter easier hold prefer page turn button style reading elsewhere example want read eating use voyage worigami case hold upright read book using kindles since stay synchd one another given basically best worlds least style reading voyage cover almost seems clunky bulkier heavier compared oasis sitting table hardly matters say im fortunate able afford new base model kindle recently picked yet getting much use even though much reading lighting conditions nonilluminated display works fine original review followsamazon released first kindle november eight half years later oasis model th generation kindle third evolution kindle builtin illumination price bit shock ordered mine soon announced april th spent next two weeks reading available online describing features benefits asking whether made right decision finally released hands different worth appears first high pricemy kindle experience purchased first kindle first generation paperwhite first released sept purchased voyage first released sept read
Amazon Devices,5.0,0.0,"Okay, if you don't want to read my whole review, I'll summarize it right here: The Oasis is the most technologically advanced e-ink reader that Amazon - or anyone else, for that matter - has produced to date. But is it worth 290 for the least expensive version (wi-fi only with ads) In my opinion, the answer is no, not when the very capable Paperwhite is available for 100 (at the time I'm writing this). But I'm sure that there is a market for the Oasis, probably for the techno-geeks and gadgeteers like myself who love trying new products like the Oasis, and serious readers who want the absolute best possible experience in reading. But for the typical reader, I just don't think the Oasis adds enough to the reading experience to be worth the high price, especially for those who already have a Paperwhite or Voyage.For reference, here's a brief comparison of the Oasis with the Paperwhite and the Voyage:Oasis (2016)-----------------------------Size: 5.6x4.8x0.13-0.33 (thickness varies)Weight (wi-fi version): 4.6 ounces (without battery case)Display: 6 diagonal, 300 pixels per inch, 16-level grayscale, LED front-litStorage memory: 4GBPage turns: Touchscreen plus page turn buttonsNumber of fonts: 9Display lighting: Manually adjustable front-lighting (10 LEDs)Third Generation Paperwhite (2015)------------------------------Size: 6.7x4.6x0.36Weight (wi-fi version): 7.Read more",okay dont want read whole review ill summarize right oasis technologically advanced eink reader amazon anyone else matter produced date worth least expensive version wifi ads opinion answer capable paperwhite available time im writing im sure market oasis probably technogeeks gadgeteers like love trying new products like oasis serious readers want absolute best possible experience reading typical reader dont think oasis adds enough reading experience worth high price especially already paperwhite voyagefor reference heres brief comparison oasis paperwhite voyageoasis size xx thickness variesweight wifi version ounces without battery casedisplay diagonal pixels per inch level grayscale led frontlitstorage memory gbpage turns touchscreen plus page turn buttonsnumber fonts display lighting manually adjustable frontlighting ledsthird generation paperwhite size xxweight wifi version read
Amazon Devices,5.0,0.0,"I have owned literally (and I mean literally) every Kindle since the first one. All the keyboard versions that followed the first one, the Touch, the Paperwhite, the Voyage. All the Fires since the first one, all the different sizes from 10 to 6 and every gen in between. (I know, I am a little crazy.) Many of these are still in use among family members and my habit was to switch between Fires depending on mood. My last attempt was an iPad Mini, used only as an eReader, and for the first time in many years I bought books from somewhere other than Amazon, because I found the iBooks experience so pleasant. Bottom line... I was always seeking a Kindle that fit all my needs as a book and nothing more. Stop the press. I have found it.Lets put a little context around this. I eventually migrated to the Fires because although I liked the eInk for reading, I also liked to see more detail on book covers and black and white didn't seem to offer that. The Paperwhite and it's successors got closer, so that even without color the detail was sufficient to make browsing by cover satisfactory (something I have always done, even with real books).Still though, what I didn't like about the eInk versions was the inability to render a page without big gaps between words or even truncated lines when there was a big or hyphenated word in the line. I don't know whether it is just coincidence that I haven't seen that yet with the Oasis, or whether the Amazon Ember font helps (I like this new font a lot) or whether it has been specifically addressed in the newer OS. Whatever, I have not seen that yet and it removes one of my reasons for preferring a tablet over an eReader.First impressions... not great.Read more",owned literally mean literally every kindle since first one keyboard versions followed first one touch paperwhite voyage fires since first one different sizes every gen know little crazy many still use among family members habit switch fires depending mood last attempt ipad mini used ereader first time many years bought books somewhere amazon found ibooks experience pleasant bottom line always seeking kindle fit needs book nothing stop press found itlets put little context around eventually migrated fires although liked eink reading also liked see detail book covers black white didnt seem offer paperwhite successors got closer even without color detail sufficient make browsing cover satisfactory something always done even real booksstill though didnt like eink versions inability render page without big gaps words even truncated lines big hyphenated word line dont know whether coincidence havent seen yet oasis whether amazon ember font helps like new font lot whether specifically addressed newer os whatever seen yet removes one reasons preferring tablet ereaderfirst impressions greatread
Amazon Devices,5.0,0.0,"I don't know why there are so many bad reviews. First of, let's start off by pointing out the obvious, it's under 100. You're not going to receive a Kindle Paperwhite. Before you order, read the specs and compare it to the other Kindles. Yes, the specs say it doesn't have backlighting so honestly, there shouldn't be one ounce of surprise when you receive this. I on the other hand, love this little Kindle. I have had the new Kindle Paperwhite and I really didn't like how big it was to hold in my small hands. I don't have children hands, but I'm a female and my hands are on the small side. Maybe for a male this would be kind of small, Idk. Anyway, it is smaller than the Paperwhite, but I love that. I also love the fact that it doesn't come with a light. I used to read at night with the Paperwhite, but that light gave me a headache so I stopped. It is NOT as dark as these bad reviews make it seem. You can read perfectly fine being indoors. They're exaggerating. This feels more like a book to me than the Kindle Paperwhite ever did. The letters on this Kindle are amazing. I don't even notice the difference between ppi and I love that the letters are way darker than the Paperwhite. The paperwhite had a grey hue to them and I didn't feel like I was reading a book. I felt like I actually holding a technical device to read a book. Of course since this doesn't have a backlight, you cannot read in the dark. It's common sense. If you want to read at night, purchase a little book light that are super inexpensive and attach it to your kindle. It's not a big deal and you're not going to break the bank buying a 119.99 item when you can buy this little awesome e-book reader for 79.99. Think about when the light runs out of your expensive other e-books...Read more",dont know many bad reviews first lets start pointing obvious youre going receive kindle paperwhite order read specs compare kindles yes specs say doesnt backlighting honestly shouldnt one ounce surprise receive hand love little kindle new kindle paperwhite really didnt like big hold small hands dont children hands im female hands small side maybe male would kind small idk anyway smaller paperwhite love also love fact doesnt come light used read night paperwhite light gave headache stopped dark bad reviews make seem read perfectly fine indoors theyre exaggerating feels like book kindle paperwhite ever letters kindle amazing dont even notice difference ppi love letters way darker paperwhite paperwhite grey hue didnt feel like reading book felt like actually holding technical device read book course since doesnt backlight cannot read dark common sense want read night purchase little book light super inexpensive attach kindle big deal youre going break bank buying item buy little awesome ebook reader think light runs expensive ebooksread
Amazon Devices,5.0,0.0,"If you read the KNOW WHAT YOU ARE BUYING review for the Kindle prior to this one then you know where I am going. Already this new Kindle is riddled with one star reviews from people that seem to not have read the product description. Here goes:*THIS KINDLE DOES NOT HAVE A LIGHT!*THIS KINDLE DOES NOT HAVE GAMING CAPABILITY!*THIS KINDLE DOES NOT HAVE PAGE TURNING BUTTONS!Like a regular book you just might HAVE A HARD TIME READING THIS KINDLE IN BED AT NIGHT WITH LOW LIGHTING!What you will get though is an awesome entry level Kindle with software almost identical to the higher end models. The print looks flawless outside, by a window, or under a lamp, in other words, just like a real book.",read know buying review kindle prior one know going already new kindle riddled one star reviews people seem read product description goesthis kindle lightthis kindle gaming capabilitythis kindle page turning buttonslike regular book might hard time reading kindle bed night low lightingwhat get though awesome entry level kindle software almost identical higher end models print looks flawless outside window lamp words like real book
Amazon Devices,5.0,0.0,"There are sadly a lot of negative reviews on here, so I though I would add my positive one.I had a second-generation Kindle many years ago, and it has since stopped working. I finally decided to buy a new one.I chose the basic Kindle because that's exactly what I wanted -- a bare-bones e-reader. I have no need for a tablet or anything of the sort. This Kindle delivers on that front in every way possible.At first, I thought I would miss the page turn buttons, and dislike the touch screen. However, I have been delightfully surprised. Tapping the edge of the screen to turn the page is incredibly easy and less intrusive than pushing a button, which was always a nice little jarring reminder that I wasn't, in fact, reading a paperback. The small, quick tap of my thumb on the edge of the screen has become almost like a reflex and I don't notice it anymore it feels natural.I do slightly miss the metal backing of the older Kindles it made them feel a bit sturdier, whereas this basic Kindle is just hard plastic. However, I suspect that using a metal casing would up the price considerably, and I feel that the cheaper price of this basic Kindle far outweighs that slight drawback.I bit the bullet and bought one without the special offers. I do not want ads intruding my Kindle experience, even if they only show as the screensaver or on a bar across the bottom of the Home screen. It is just distasteful to me, and the extra 30 was worth it to me to avoid the ads.I do not need or want a case for my Kindle. I do not like to read with a case on, and it would be cumbersome to remove my Kindle from its case every time I want to read.Read more",sadly lot negative reviews though would add positive onei secondgeneration kindle many years ago since stopped working finally decided buy new onei chose basic kindle thats exactly wanted barebones ereader need tablet anything sort kindle delivers front every way possibleat first thought would miss page turn buttons dislike touch screen however delightfully surprised tapping edge screen turn page incredibly easy less intrusive pushing button always nice little jarring reminder wasnt fact reading paperback small quick tap thumb edge screen become almost like reflex dont notice anymore feels naturali slightly miss metal backing older kindles made feel bit sturdier whereas basic kindle hard plastic however suspect using metal casing would price considerably feel cheaper price basic kindle far outweighs slight drawbacki bit bullet bought one without special offers want ads intruding kindle experience even show screensaver bar across bottom home screen distasteful extra worth avoid adsi need want case kindle like read case would cumbersome remove kindle case every time want readread
Amazon Devices,5.0,0.0,To all the people saying it's too dark. It's literally the same screen as the older devices. Look at comparison. If anything the new Kindle (on right) is lighter than the previous device.,people saying dark literally screen older devices look comparison anything new kindle right lighter previous device
Amazon Devices,5.0,0.0,"I was so shocked! So, I was going through a book for my PhD dissertation, highlighting parts for further citations in my project. When I was done with it, I realised that instead of scrolling back all the pages of my e-book, looking for the highlights, I can just export them to my e-mail in PDF file. This is life changing for me! I have always preferred paper books to e-books, but this option is a miracle. It saved me hours of work! I am a very happy customer!",shocked going book phd dissertation highlighting parts citations project done realised instead scrolling back pages ebook looking highlights export email pdf file life changing always preferred paper books ebooks option miracle saved hours work happy customer
Amazon Devices,5.0,0.0,"Love the new Kindle! Priced right (with an extra 20 off!), even smaller in my hands than the Kindle with keyboard. I was sad to lose my old Kindle, but this one is just terrific.",love new kindle priced right extra even smaller hands kindle keyboard sad lose old kindle one terrific
Amazon Devices,5.0,0.0,"Updated 6/617 - so useful we now have 3 of these along with the full sized echo Amazon Echo - BlackAfter using the full sized Echo for a couple of months thought it would be nice to expand on that one piece of hardware. I had no experience with the 'Dot' so i went ahead and shopped for the refurbished (a first as well.) The Dot arrived in a small plain box. Upon removal found the Dot to look just like new. No blemishes, scuffs, dings, nothing whatsoever to indicate based on appearance it was anything other than new. it comes with plug, usb charging cable.that said what matters most is how it functions. i was concerned being refurbished but no worries it worked just as good as new. the device works exactly the same as the full sized Echo. For myself the biggest difference was the addition of a 3.5mm aux out jack. While you can pair both this and its larger 'big brother' to any Bluetooth speaker i have a set of wired Bose headphones and needed that extra bit so i could use them too.how do the Dot full sized Echo compare differences are surprisingly few. as said the Dot has a 3.5mm jack so you can use it with any wired speaker, headphones or earbuds while the Echo does not. the Dot when listening to speech or low volumes other sounds very good and at the same volume level i could not tell a difference between either of the two. however at higher volumes the Dot struggles with the larger Echo easily winning out. otherwise but for appearance they both function the same.as for what the Echo or smaller version Dot can doRead more",updated useful along full sized echo amazon echo blackafter using full sized echo couple months thought would nice expand one piece hardware experience dot went ahead shopped refurbished first well dot arrived small plain box upon removal found dot look like new blemishes scuffs dings nothing whatsoever indicate based appearance anything new comes plug usb charging cablethat said matters functions concerned refurbished worries worked good new device works exactly full sized echo biggest difference addition mm aux jack pair larger big brother bluetooth speaker set wired bose headphones needed extra bit could use toohow dot full sized echo compare differences surprisingly said dot mm jack use wired speaker headphones earbuds echo dot listening speech low volumes sounds good volume level could tell difference either two however higher volumes dot struggles larger echo easily winning otherwise appearance function sameas echo smaller version dot doread
Amazon Devices,5.0,0.0,"I was very hesitant to purchase a refurbished unit, but the discount at the time of my purchase was too good to pass up. I was fully planning on returning it if there was the slightest sign of an issue. I have had this unit for about a month now, and it has worked perfectly since I received it. Like a brand new unit. If you can get this refurb for a substantial discount, I think it is totally worth the risk of not buying a new unit.Edit (07/08/2017): My original refurb'ed Echo Dot is still going strong, and I received my second refurb'ed Echo Dot yesterday. This second one is just as like new as my first one. The packaging is similarly like new. It has the same clear sticker covers surrounding it like a new unit, and I believe the power adapter, cable, and manuals are all actually brand new.",hesitant purchase refurbished unit discount time purchase good pass fully planning returning slightest sign issue unit month worked perfectly since received like brand new unit get refurb substantial discount think totally worth risk buying new unitedit original refurbed echo dot still going strong received second refurbed echo dot yesterday second one like new first one packaging similarly like new clear sticker covers surrounding like new unit believe power adapter cable manuals actually brand new
Amazon Devices,5.0,0.0,"This was a birthday gift from my daughter. (71st birthday--certified old guy) What might I do with an Echo I bought a 3 Kindle book on using an Echo. Later I discovered most of what is in the book is probably in the on board helps, but the book makes a nice linear presentation that does not make me guess what I need to search out, and a Kindle book makes it easy for me to make notes I can find later with ease.I am using my Echo primarily as a radio. In the early 1990s I worked on my German skills by listening to a lot of shortwave radio. Most of that is now on the Internet. I could listen on my smart phone, but that uses phone battery reserves. The Echo runs on AC power from a wall outlet. The little speaker is adequate for voice broadcasts. I listen for hours to German news magazines. I can also listen to some old favorite broadcasts from Radio Canada.We live where my favorite talk radio program comes in poorly due to another station very near on the dial. But, our WiFi reaches my garage workshop and I have clear audio through Tune In. (I am having trouble linking iHeart Radio, perhaps because my subscription is not paid.)When I have asked Alexa a question she sometimes tells me she cannot answer a question I thought simple enough.I did ask for some music and was surprised to find CDs I bought as gifts are in Amazon's cloud for me to hear over Echo. Nice!",birthday gift daughter st birthdaycertified old guy might echo bought kindle book using echo later discovered book probably board helps book makes nice linear presentation make guess need search kindle book makes easy make notes find later easei using echo primarily radio early worked german skills listening lot shortwave radio internet could listen smart phone uses phone battery reserves echo runs ac power wall outlet little speaker adequate voice broadcasts listen hours german news magazines also listen old favorite broadcasts radio canadawe live favorite talk radio program comes poorly due another station near dial wifi reaches garage workshop clear audio tune trouble linking iheart radio perhaps subscription paidwhen asked alexa question sometimes tells cannot answer question thought simple enoughi ask music surprised find cds bought gifts amazons cloud hear echo nice
Amazon Devices,4.0,0.0,"Everything works pretty great, doesn't always catch what I say.. But definitely worth the purchase. I am very pleased.",everything works pretty great doesnt always catch say definitely worth purchase pleased
Amazon Devices,5.0,0.0,"I'm totally enjoying my Echo Dot! I have it synced to my Google Calendar and am able to let Alexa tell me what's on the agenda for the day. I can quickly ask her to set a timer or an alarm and easily find out about the local weather. I also have it synced to my Pandora account but you have to be specific about a saved station name when you want to listen to Pandora. I really wish I could just say shuffle my Pandora stations. That would be awesome! The speaker on the Dot isn't as loud as I would like it but if I'm sitting close by, it's good enough I guess. I've seen an option to add an external speaker but I haven't gotten around to doing that yet. And my 6 yo grandson loves to ask her to tell him a joke! I live in a small town and am probably not able to utilize the full potential of Alexa but I'm not regretting my purchase.",im totally enjoying echo dot synced google calendar able let alexa tell whats agenda day quickly ask set timer alarm easily find local weather also synced pandora account specific saved station name want listen pandora really wish could say shuffle pandora stations would awesome speaker dot isnt loud would like im sitting close good enough guess ive seen option add external speaker havent gotten around yet yo grandson loves ask tell joke live small town probably able utilize full potential alexa im regretting purchase
Amazon Devices,5.0,0.0,This is a nice compliment to my echo. Connected to my bt speaker it is actually a step up and less expensive than the echo. If I had it to do over again I'd have bought 2 of the dots instead.,nice compliment echo connected bt speaker actually step less expensive echo id bought dots instead
"Categories,Amazon Devices,Electronics Features,Streaming Media Players,Consumer Electronics,See more Amazon Fire TV Digital HD Media Streamer (Late...",5.0,0.0,"Wasn't sure how this would work with my rural DSL but it is WONDERFUL. I haven't had any problems with it at all. It is easy to use and the voice command works just as they said it would. So very, very glad I bought it. Loads of stuff to watch. I have been able to catch up with some series I have missed, especially the BBC ones that I dearly love. I recommend it to anyone who likes variety in what they can watch. Along with my Amazon Prime most everything is FREE..that is an added bonus. Try it, you'll like it.",wasnt sure would work rural dsl wonderful havent problems easy use voice command works said would glad bought loads stuff watch able catch series missed especially bbc ones dearly love recommend anyone likes variety watch along amazon prime everything freethat added bonus try youll like
"Categories,Amazon Devices,Electronics Features,Streaming Media Players,Consumer Electronics,See more Amazon Fire TV Digital HD Media Streamer (Late...",5.0,0.0,"I'm your typical middle-aged woman - I don't game, and I'm not super tech-savvy by any means....so take this review for what it is. The Fire TV was easy to install and I'm loving all the features, free movies, music and simple interface - this thing even has a screen saver that comes on when you're listening to music We've always just had our Comcast cable service without DVR and occasionally used Comcast OnDemand to watch/rent movies - but I'll never watch from Comcast again. The voice recognition software is amazing and brought me to exactly what I was looking for every single time I searched. It's just so easy to find what you're looking for (unlike Comcast), and since I'm an Amazon Prime member most of what I want to view is free - oh and for the new release movies the cost to rent from Amazon is on average cheaper than Comcast OnDemand by a 1 or more. So happy with this purchase",im typical middleaged woman dont game im super techsavvy meansso take review fire tv easy install im loving features free movies music simple interface thing even screen saver comes youre listening music weve always comcast cable service without dvr occasionally used comcast ondemand watchrent movies ill never watch comcast voice recognition software amazing brought exactly looking every single time searched easy find youre looking unlike comcast since im amazon prime member want view free oh new release movies cost rent amazon average cheaper comcast ondemand happy purchase
"Categories,Amazon Devices,Electronics Features,Streaming Media Players,Consumer Electronics,See more Amazon Fire TV Digital HD Media Streamer (Late...",5.0,0.0,I love this product. It is easy to use and install.,love product easy use install
"Categories,Amazon Devices,Electronics Features,Streaming Media Players,Consumer Electronics,See more Amazon Fire TV Digital HD Media Streamer (Late...",5.0,0.0,Read more,read
"Categories,Amazon Devices,Electronics Features,Streaming Media Players,Consumer Electronics,See more Amazon Fire TV Digital HD Media Streamer (Late...",2.0,1.0,"I am not pleased, every movie I select is a pay for view. It's a good thing Netflix on it. Every movie that is a pay for view can be found on Netflix. I don't need this device, Netflix is available on Cable one.",pleased every movie select pay view good thing netflix every movie pay view found netflix dont need device netflix available cable one
"Categories,Amazon Devices,Electronics Features,Streaming Media Players,Consumer Electronics,See more Amazon Fire TV Digital HD Media Streamer (Late...",1.0,1.0,"I like it but the most used app is Netflix. This Netflix app version is older and a pain to use. Why they have this outdated one, doesn't make any sense.",like used app netflix netflix app version older pain use outdated one doesnt make sense
"Categories,Amazon Devices,Electronics Features,Streaming Media Players,Consumer Electronics,See more Amazon Fire TV Digital HD Media Streamer (Late...",1.0,1.0,"I purchase almost everything with the exception of food from Amazon. I have been a prime member since the inception of the program. Without exception, I have always received EXCELLENT customer service. Until now. I'm having difficulty with my Fire TV connecting to my wifi. Last Saturday I spent approximately 1- hours (maybe 2) troubleshooting with two women techs on the phone. Mary (who I was passed to from the first tech because of her expertise) said she thought it wasn't just a problem unique to me and asked me if she could call me back on Sunday after researching the problem. I had no problem with that. No call on Sunday so I called on Monday. Much to my surprise, there was no record of my call attached to my file. The rep was confused as to whether I was talking about fire wire or Fire TV so I was first sent to a different department. Finally, I got through that fire wire was not the same as Fire TV and I was transferred back to digital. We went through the same troubleshooting taking up a lot of my time. I was willing to do it until we were going around in circles and my phone was running out of juice. The gentleman asked me if he could research and call me later in the day. NO CALL. It's Tuesday--still no call.It really pains me to have to say anything negative about Amazon's Customer Service as it has NEVER BEEN LESS THAN EXCELLENT IN THE PAST. I've noticed I haven't gotten a survey as I usually do after a customer service call. Whoever Amazon has farmed out their digital customer service to will ruin their excellent customer service reputation and they will lose sales because of it. I'm going to wager a bet that there is no record of the 3-4 hours of my time on the phone trying to solve a problem and no record of two promises to call me back. I would have had more respect for these reps if I had received a call saying they were sorry, but they weren't able to come up with a solution for me.I'm hoping Amazon has kept a record of my past reviews and will review my account and see just how much I've spent over the years as a loyal customer. I'm very disappointed that I had to write this review, and I'm hoping someone who can change things reads this and saves Amazon's reputation. I can't be the only one receiving this kind of treatment. It's obvious that the people who are techs for Fire TV are not the same techs that I've dealt with in the past. In fact, I don't think they are even in the same country. What a pity.",purchase almost everything exception food amazon prime member since inception program without exception always received excellent customer service im difficulty fire tv connecting wifi last saturday spent approximately hours maybe troubleshooting two women techs phone mary passed first tech expertise said thought wasnt problem unique asked could call back sunday researching problem problem call sunday called monday much surprise record call attached file rep confused whether talking fire wire fire tv first sent different department finally got fire wire fire tv transferred back digital went troubleshooting taking lot time willing going around circles phone running juice gentleman asked could research call later day call tuesdaystill callit really pains say anything negative amazons customer service never less excellent past ive noticed havent gotten survey usually customer service call whoever amazon farmed digital customer service ruin excellent customer service reputation lose sales im going wager bet record hours time phone trying solve problem record two promises call back would respect reps received call saying sorry werent able come solution meim hoping amazon kept record past reviews review account see much ive spent years loyal customer im disappointed write review im hoping someone change things reads saves amazons reputation cant one receiving kind treatment obvious people techs fire tv techs ive dealt past fact dont think even country pity
"Categories,Amazon Devices,Electronics Features,Streaming Media Players,Consumer Electronics,See more Amazon Fire TV Digital HD Media Streamer (Late...",5.0,0.0,"The Fire TV came well packaged with extremely simple instructions. Plug in the power cable and HDMI cable (not included), put batteries in the remote and that's it. After initial start up there is an update that must be run, but after a few minutes the unit was up and running. Interface is nice looking and easy to use. Voice search worked perfectly...it understood this Kentucky accent instantly. Flipping through the movie choices is super fast (almost too fast since it has skipped a movie a time or two). Netflix is on the home page, but you have to install the app before using it the first time. As I'm typing this review the unit is displaying some beautiful screensaver pictures while I have a movie paused. If you store your photos on Amazon's Cloud you can use your own pictures instead. Picture quality is fantastic and movies start up lightning fast. The only thing I see as a con would be how the Prime movies are marked. The placement of the Prime marker in the upper left of the movie icon is very small and isn't as prominent as it should be making it rather difficult to tell whether it's Prime or a movie you would rent/purchase. I figure in the days and weeks ahead Amazon will be listening to customer suggestions (as they usually do) and more and more updates will be forthcoming making this device even better. For me the Amazon Fire TV is a winner. It will definitely be replacing a Directv receiver I was using.Update: After one full day of using Amazon's Fire TV I am more than satisfied with my purchase.If you read reviews like I do make sure to skip over the ones that don't have the Amazon Verified Purchase listed under their name or click that their post is unhelpful. These are people who are trying to review a product without even having it in their possession. If you discount those reviews (which make the overall rating less than it should be) you will discover that the majority of people who actually purchased this product are very satisfied.4-6-14 Update: Added the AmazonBasics Digital Optical Audio Toslink Cable and this has added a whole new dimension to the sound quality of my tv. The sounds are more richer and louder than ever before. I am continually amazed at what this little device is capable of. I really suggest getting the cable I mentioned above to make your Fire TV experience even better4-8-14 Update: Turned on the device today and went to start up Netflix...all I got was a white screen. Turned the unit off and on, but still a white screen. I uninstalled the Netflix app and reinstalled and it worked again. I don't believe it was a problem on the device itself, but rather the app since all of the other apps worked fine.4-15-14 Update: Had the same white screen issue with Netflix some more. Contacted customer service and reported the issue. He stepped me through the process of going into the settings then the apps. When you come to Netflix instead of uninstalling click on force stop. This fixed the issue. If I have the problem again he asked that I contact them back immediately so that they can contact the developers with the issue. I continue to enjoy this device and have since gotten rid of the Directv receiver I had connected. I can't recommend the Fire TV enough6-25-14 Update: My Fire TV is still going strong and I am completely happy with it. I have found that I watch TV more so on The Fire than my DirecTV. The one thing I haven't checked (but will sometime) is the USB port. I've got to save some movies to my flash drive and see if I can play a saved movie from the drive using the USB port on The Fire. Finding Amazon content is a breeze using the Voice Search and searching through movies or videos using Netflix and others is fine. Yes, it would be great to be able to use the Voice Search with everything else, but it's not a deal breaker for me nor an inconvenience. I would imagine Amazon will eventually include their Voice Search on any third party application as time allows. Even after using it all this time I'm still amazed at the sound and picture quality of such a tiny device. For me Amazon just gets better and better.8-4-14 Update: I had movies saved to an external hard drive and I plugged it into the USB port on the Amazon Fire, unfortunately, it doesn't work. It basically did nothing. It made no noise like it was trying to access my hard drive nor did it recognize any USB plugged in. Hopefully Amazon will push out an update to fix this at some point and time. It would be a wonderful feature to have. (Hint, Hint...Amazon).",fire tv came well packaged extremely simple instructions plug power cable hdmi cable included put batteries remote thats initial start update must run minutes unit running interface nice looking easy use voice search worked perfectlyit understood kentucky accent instantly flipping movie choices super fast almost fast since skipped movie time two netflix home page install app using first time im typing review unit displaying beautiful screensaver pictures movie paused store photos amazons cloud use pictures instead picture quality fantastic movies start lightning fast thing see con would prime movies marked placement prime marker upper left movie icon small isnt prominent making rather difficult tell whether prime movie would rentpurchase figure days weeks ahead amazon listening customer suggestions usually updates forthcoming making device even better amazon fire tv winner definitely replacing directv receiver usingupdate one full day using amazons fire tv satisfied purchaseif read reviews like make sure skip ones dont amazon verified purchase listed name click post unhelpful people trying review product without even possession discount reviews make overall rating less discover majority people actually purchased product satisfied update added amazonbasics digital optical audio toslink cable added whole new dimension sound quality tv sounds richer louder ever continually amazed little device capable really suggest getting cable mentioned make fire tv experience even better update turned device today went start netflixall got white screen turned unit still white screen uninstalled netflix app reinstalled worked dont believe problem device rather app since apps worked fine update white screen issue netflix contacted customer service reported issue stepped process going settings apps come netflix instead uninstalling click force stop fixed issue problem asked contact back immediately contact developers issue continue enjoy device since gotten rid directv receiver connected cant recommend fire tv enough update fire tv still going strong completely happy found watch tv fire directv one thing havent checked sometime usb port ive got save movies flash drive see play saved movie drive using usb port fire finding amazon content breeze using voice search searching movies videos using netflix others fine yes would great able use voice search everything else deal breaker inconvenience would imagine amazon eventually include voice search third party application time allows even using time im still amazed sound picture quality tiny device amazon gets better better update movies saved external hard drive plugged usb port amazon fire unfortunately doesnt work basically nothing made noise like trying access hard drive recognize usb plugged hopefully amazon push update fix point time would wonderful feature hint hintamazon
"Categories,Amazon Devices,Electronics Features,Streaming Media Players,Consumer Electronics,See more Amazon Fire TV Digital HD Media Streamer (Late...",5.0,0.0,Amazing unit Easy to set up just remember to also purchases an hdmi to hdmi cord that does not come with the Amazon fire tv or you will have to wait to get started. This makes my tv look more crisp and clear than it ever has. Easy to use. Absolutely love it,amazing unit easy set remember also purchases hdmi hdmi cord come amazon fire tv wait get started makes tv look crisp clear ever easy use absolutely love
"Categories,Amazon Devices,Electronics Features,Streaming Media Players,Consumer Electronics,See more Amazon Fire TV Digital HD Media Streamer (Late...",4.0,0.0,"Here goes, I'm the 9 thousandth reviewer for this product LOL. short preface: I love Amazon, so when comparing all streaming devices in the end I went with the Fire TV because of the outstanding customer service, and it will improve with time. That being said, I share the frustrations that all my fellow buyers have: I hate not being able to sort out the non Prime videos, I truly dislike paying for an episode (I didn't see that one coming, even though I did a ton of research). But overall I love my new cable bill, which only includes internet and basic, and I mean basic, service (15.00) because I'm reserving the right to order HBO and Showtime at some point. Was massively disappointed in Hulu Plus, because they don't offer the entire series in a show anymore (did they run out of server space or what) Netflix was a pleasant surprise. In case you are wondering, Netflix, Hulu Plus, and Prime are your alternatives to paying your cable bill. And streaming is quite alright...after you get over the initial shock of not having live TV, although, ABC does do live TV hope the other stations follow suit soon. Overall, as a non tech person, it was ridiculously easy to hook this up, really anyone can do it. And like I said, if you're comparing other products, in the end Amazon cannot be beat for customer service or support.",goes im thousandth reviewer product lol short preface love amazon comparing streaming devices end went fire tv outstanding customer service improve time said share frustrations fellow buyers hate able sort non prime videos truly dislike paying episode didnt see one coming even though ton research overall love new cable bill includes internet basic mean basic service im reserving right order hbo showtime point massively disappointed hulu plus dont offer entire series show anymore run server space netflix pleasant surprise case wondering netflix hulu plus prime alternatives paying cable bill streaming quite alrightafter get initial shock live tv although abc live tv hope stations follow suit soon overall non tech person ridiculously easy hook really anyone like said youre comparing products end amazon cannot beat customer service support
"Categories,Amazon Devices,Electronics Features,Streaming Media Players,Consumer Electronics,See more Amazon Fire TV Digital HD Media Streamer (Late...",4.0,0.0,"Having received my Fire TV today, I've been trying it out for the past couple of hours.Setup was a no brainer. It required an update immediately so it did take about 15 minutes to have it in action but the process was very simple.The image quality (movies and games) is excellent. I've tried several movies from Amazon Prime and they look and sound nearly Blu Ray quality as far as I can tell.Navigation is very straightforward and it's generally easy to find anything you're looking for. Installation of games and apps goes very smoothly and generally pretty quickly.The remote works very well. I haven't played with the voice search feature much yet, but when I have tried it, it worked well. The buttons on the remote are well thought out and I prefer it to the Apple TV remote.I only have one gripe. As far as I can tell, there's no way to limit the list of movies and tv shows to what is available for Amazon Prime members. This makes it very inconvenient to find things that are free to watch. There are some categories that are limited to Prime (Most Popular on Prime, For Kids on Prime) I want to be able to just see what's available for Prime or at least be able to see by category what's available for Prime. I'm sure this isn't an oversight. I suspect Amazon wants to force us to look at everything and be tempted to buy/rent things but if they really want to compete with Netflix, they'll understand that we pay for our Prime membership to be able to watch free movies conveniently. A workaround is to do your searching on the web and then search specifically on the device.Perhaps I just haven't found the way to search for Prime available content. I hope that's the case or I will really be disappointed.Update 7/21/2014:The latest software upgrade as significantly improved the device for Amazon Prime members - addressing most of my original complaints.Now that there is an entire section dedicated to Prime content, it is much easier to find things without having to wade through pay to view content. I wouldn't mind seeing more 'categories' to search through, but don't want to diminish the improvement.It's still not possible to search and return only Prime content. I think it should be possible to tell the device (when you search) that you only want returns from what is available for free to Prime members.The new 'Music' option looks intriguing but seems to have no purpose at this point. Not sure why it was added, but I hope it grows into a useful feature given the new Prime Music package.I would also like to see some sort of DLNA feature added. As one who rips all content that I buy (blu rays, dvds, cds) to a computer on my Network, I would very much like to be able to stream this material to the FireTV. Adding support for a connected USB device is not a solution for me. I have no intention of keeping two copies of all this material. Read more",received fire tv today ive trying past couple hourssetup brainer required update immediately take minutes action process simplethe image quality movies games excellent ive tried several movies amazon prime look sound nearly blu ray quality far tellnavigation straightforward generally easy find anything youre looking installation games apps goes smoothly generally pretty quicklythe remote works well havent played voice search feature much yet tried worked well buttons remote well thought prefer apple tv remotei one gripe far tell theres way limit list movies tv shows available amazon prime members makes inconvenient find things free watch categories limited prime popular prime kids prime want able see whats available prime least able see category whats available prime im sure isnt oversight suspect amazon wants force us look everything tempted buyrent things really want compete netflix theyll understand pay prime membership able watch free movies conveniently workaround searching web search specifically deviceperhaps havent found way search prime available content hope thats case really disappointedupdate latest software upgrade significantly improved device amazon prime members addressing original complaintsnow entire section dedicated prime content much easier find things without wade pay view content wouldnt mind seeing categories search dont want diminish improvementits still possible search return prime content think possible tell device search want returns available free prime membersthe new music option looks intriguing seems purpose point sure added hope grows useful feature given new prime music packagei would also like see sort dlna feature added one rips content buy blu rays dvds cds computer network would much like able stream material firetv adding support connected usb device solution intention keeping two copies material read
"Categories,Amazon Devices,Electronics Features,Streaming Media Players,Consumer Electronics,See more Amazon Fire TV Digital HD Media Streamer (Late...",5.0,0.0,"Amazing the best Amazon purchases EVER If you don't have one get one, really right now go do it you won't be sorry",amazing best amazon purchases ever dont one get one really right go wont sorry
"Categories,Amazon Devices,Electronics Features,Streaming Media Players,Consumer Electronics,See more Amazon Fire TV Digital HD Media Streamer (Late...",4.0,0.0,"First I would like to say that I am coming from using Google TV. Fire TV is a great device. The voice search is accurate at picking up what I say. My biggest problem with this device is also with the voice search. Coming from Google TV if you used the search feature if would look for it in more places. Lets say I am searching for the movie Gremlins. On Google TV it would look for it in Netflix, Amazon Instant, instant prime, Google play store, HBO Go, and you get the idea. This device for example will not check Netflix. So I must do a voice search to see if it is on Amazon, if not I must open lets say Netflix and use the up, down, left, right buttons and manually enter the letter to find out if it is on Netflix. That was the big issue for me. A small issue is the amount of apps. No HBO Go, Google play store, and others. I am not blaming amazon for this. It is an open system so HBO and others just need to make the apps for it. This devise is quick, and amazon items start up instantly, but not Netflix. Netflix must load first, but that is not a big deal. If you are wondering why I am switching from Google TV, it is because Google neglected it and it hasn't received updates in a long time. I think Google gave up on it.",first would like say coming using google tv fire tv great device voice search accurate picking say biggest problem device also voice search coming google tv used search feature would look places lets say searching movie gremlins google tv would look netflix amazon instant instant prime google play store hbo go get idea device example check netflix must voice search see amazon must open lets say netflix use left right buttons manually enter letter find netflix big issue small issue amount apps hbo go google play store others blaming amazon open system hbo others need make apps devise quick amazon items start instantly netflix netflix must load first big deal wondering switching google tv google neglected hasnt received updates long time think google gave
"Categories,Amazon Devices,Electronics Features,Streaming Media Players,Consumer Electronics,See more Amazon Fire TV Digital HD Media Streamer (Late...",5.0,0.0,"I own a roku and apple tv and have to say that the Amazon Fire TV falls into more of the apple tv category. It's definitely a walled garden of content that feeds you into amazon's prime tv offerings. You can access a lot of titles there for pay and often less expensively than On Demand options available from your cable provider.However, for your prime investment, there are no free titles. I'd love to see Amazon take a netflix model for a certain number of older titles. The price barrier keeps me from watching older titles, but the prices of latest releases are about average and worth it.The interface is great. I find the voice activation to be really accurate and easy to use. It's really how you are meant to navigate the massive number of options available.Performance is best in class as the Fire TV has a quad core processor that is unmatched by any other provider. I'd love to see a great game title arrive on the box that would make the game controller worth the investment. However, for an all-in-one, solution the game selection can definitely hit the spot.I use the plex and netflix apps available for this device and they perform great. Certainly, there's no blu-ray player that can match the capability of this device.All-in-all I definitely recommend this device to anyone, but still prefer the Roku since Roku isn't selling its own content service, so it agnostically serves a lot of free content that you didn't even know existed.",roku apple tv say amazon fire tv falls apple tv category definitely walled garden content feeds amazons prime tv offerings access lot titles pay often less expensively demand options available cable providerhowever prime investment free titles id love see amazon take netflix model certain number older titles price barrier keeps watching older titles prices latest releases average worth itthe interface great find voice activation really accurate easy use really meant navigate massive number options availableperformance best class fire tv quad core processor unmatched provider id love see great game title arrive box would make game controller worth investment however allinone solution game selection definitely hit spoti use plex netflix apps available device perform great certainly theres bluray player match capability deviceallinall definitely recommend device anyone still prefer roku since roku isnt selling content service agnostically serves lot free content didnt even know existed
"Categories,Amazon Devices,Electronics Features,Streaming Media Players,Consumer Electronics,See more Amazon Fire TV Digital HD Media Streamer (Late...",1.0,1.0,"I already have 2 Roku devices, but thought I would give this new Amazon device a try. This device works fine for the Amazon Instant video app, but there is a terrible lag in the video on the Netflix app that makes it unusable on this device. I know this issue is not my internet connection as the Netflix app works great on the Roku devices. In addition, the user interface on this device is generally just not that great. Wish I could get a refund and get another roku box.",already roku devices thought would give new amazon device try device works fine amazon instant video app terrible lag video netflix app makes unusable device know issue internet connection netflix app works great roku devices addition user interface device generally great wish could get refund get another roku box
"Categories,Amazon Devices,Electronics Features,Streaming Media Players,Consumer Electronics,See more Amazon Fire TV Digital HD Media Streamer (Late...",5.0,0.0,"I am not a casual user of on-demand content and devices. Having tried smart tv's from 3 brands, smart dvd/bluray players, Apple TV, WDTV, HTPC, Chromecast and too many other competing products to mention--for streaming content, before this box you really had two options (for a simple to use box that doesn't require additional items or tweaking):First is Apple TV which is easy to use (interface) but Apple limits the content you can get greatly (including no Prime Streaming built in) and it lacks a lot in features as well and is slow. The reason for selecting Apple TV is if you have other apple products that unlock features (like Amazon's content).The second option you could consider was Roku--which really means a Roku 3 box since it is heads and tails better than past Roku boxes in terms of remote and speed. Now Roku stands out with the most content and the most features of any box with the Roku 3. It is for that reason you will see me address the Roku 3 so often in this review.I have added quick summaries of other options to make sure everyone knows about the other options out there.WDTV: Are great for streaming your own content but not very user friendly.Chromecast: Is very cheap at 35 but requires other items to use (no remote included), is limited to 16 channels according to their own site with other content broadcast via Chrome's browser not at the same quality level. This does allow you to browse the internet on your tv and is amazing for the cost but is more of a niche market than FireTV/Roku/Apple TV. But if you can live with the short comings, it is worth a look at 1/3 the price of these devices.Smart TVs: Most of these are FINE for occasional use but not nearly as pleasant to use daily like separate boxes. Normally you pay 150-400+ extra for features that are found in these 100 boxes. I have not found a smart tv that is decent and is also a good value for what you are getting. The advantage is that you can use your TV remote to access the content. (and that is about it)HTPC: These are desktop computers or Mac Minis or Android Sticks that you load software on to stream video to your TV. These can add content that no normal streaming box can access, without giving up quality but they are only recommended for something comfortable with technology that doesn't mind fixing the issues that come up from time to time.Video Game Consoles: Xbox/Playstations can access some of the content that streaming boxes do and have plenty of power to deliver the streams. The downside is the cost (unless you already have one) and the interfaces. These consoles are not designed to stream video exclusively so the interfaces are decent but can be clunky.(You can use other options but frankly they aren't worth the hassle for the amount of hair pulling you would do.)Now this Amazon product has changed everything. It might not be the box for you...but honestly there is a good chance that it SHOULD BE. This is a brand new category for Amazon and they got a lot right, but there are a few shortcomings (at least at launch) as well so read all of this to see what those are.Amazon's Fire TV boxPros:+ Nothing else is this fast. While Roku 3 impressed the world, this raises the bar dramatically. With a quad core processor and 4 times the memory of any other streaming product, it speeds through menus, boots quicker, starts videos quicker and honestly has the muscle to not struggle with higher end resolutions and surround sound like other boxes can do at times. The best way I can explain it, you will have extra hours at the end of the year because this box is THAT much faster.+ Voice search is amazing. It really works. Less using a four directional keypad to enter in titles is a real time saver and makes you wonder why this wasn't done before but it is only for Amazon content and VEVO (music videos) (at least for now). You can not use the voice search with Netflix for example.+ Ready for gaming, well at least once you spend another 40. The 40 gaming controller feels a bit pricy for this type of gaming and really should be 25 or less in my opinion. That being said, this box has real games you would actually want to play instead of a VERY limited selection on Roku 3 but it is not a REAL console at 100 and honestly shouldn't be compared to them.+ Better image quality I know you are thinking I am imagining things or have changed my setup but both myself and my wife have noticed that generally (in different apps) the video is slightly sharper and clearer. We are using the exact same tv, settings, even the same HDMI cable that we used with the Roku 3 until we switched it for the Fire TV box. We have noticed that especially on poor quality feeds that the image quality is noticeably better than under the same feeds with Roku 3. Now I don't know if there is better graphic chips or if the bigger processor can do more tweaking while streaming but it seems to be something. As image quality is a huge deal for most folks (and normally us streamers have to suffer with decent quality) this is certainly worth noting. So far we have noticed this under Netflix, VEVO and Plex.Cons:- It lacks soul. Yes, soul. The Fire TV box and remote are built like a dvd player or appliance--cold, fast, efficient. Unlike Roku 3 where the box seems to have a bit of the personally of TiVo--it feels warmer, more inviting. Everything about this box is business like, including the interface and the lack of options to change it.- The interface is more than merely cold. It is simply less flashy/pretty than the Roku 3 interface. While fast, I am less tempted to wander around like I do on Roku 3. It seems like they are being pretty dependent on the voice search function which is great but it leaves you missing out on the random items you find along the way with the Roku 3 interface. I will update this more upon extended use.- The voice search only works for Amazon's own content (and VEVO) and not most 3rd party channels like Netflix.- The remote is not ready for gaming use, compared to the Roku 3 remote with gaming buttons when you turn the remote sideways and more sensors for detecting movements/motion.- Another feature about the remote I don't care for is the use of Bluetooth instead of WIFI. Roku used to use Bluetooth on their former high end box but instead replaced it with wifi to increase battery life and to add the headphone jack in the remote. It will likely take a few weeks of use to report battery life but this has me concerned.- No headphone jack function like Roku 3. Now to be honest, if you use that on the Roku 3 it can be a battery drain but it is a cool feature.- Missing some popular channels at launch. There is no HBO-Go, no M-Go and no Vudu. In addition, the channel count is much less than Roku's at launch.- Channels operate differently on FireTV than the do on Roku 3. See my notes below for more information.Overall:This Fire TV box took so much from other company's products with only a few missing items. They focused on delivering smooth, fast performance with less frills than Roku 3 for the same price. While there are missing channels and features, the biggest failure for me PERSONALLY is the cost of the gaming controller. Without it, this box isn't ready for gaming but adding 40 more for the ability to try out the functionality seems pretty steep. Had Amazon included it with every Fire TV box, they would have sold a lot more games and had everyone calling the Roku 3 a poor value.If you do not have any streaming box yet, I would HIGHLY recommend this box over every other product on the market right now. I don't make this endorsement lightly. I currently own 3 Roku 3 boxes because I liked them so much, until I used this Fire TV box. This box means Roku will have to really work on improving their product for Roku 4 or they will lose the high end market. (An update, my wife officially asked to replace the Roku 3 boxes with more Fire TV boxes tonight. Yes, these things are that good folks)If you have a Roku 3 box, really look at the missing channels and features--are they something you could give up for faster performance (Also look at my notes on the features of the various common apps.) If the answer is yes, then grab one of these and try it. If no, wait to see if Amazon adds features/channels. At the very least, consider an Fire TV box for your next box.I do not personally recommend Apple TV as they are still too slow and lack too many features and functions. Apple keeps promising something amazing but delivering minor improvements.If you are on a budget and have an Android based tablet, consider Chromecast. It is a good value for the price but you do give up features and content to save on the cost compared to Roku 3 Fire TV.I am giving this box a 4.8 rating, compared to a 4.2 for Roku 3.I will update this review regularly for a while, so check back for more information Also if you have questions or comments, please feel free to ask them in the comments section. Either myself or other helpful people will do our best to respond to them.UPDATE 1:Based on comments, I wanted to add a few points.Regarding comments that I received the item free or are paid by Amazon to write this review, etc.I paid the full list price and local sales tax for this box (grrr). Nothing was provided to me nor was I paid anything to write about this device. I do not work for Amazon, I own my own company. For this item, I am just a customer. In fact, I didn't expect to even purchase a Fire TV prior to it being announced because I figured it would only deal with Amazon's own content which I feel is much weaker than Netflix. In fact, I have talked two different family members into getting Netflix over Amazon's Prime Streaming service in the past month alone.HBO Go:This has been repeated over and over in the comments but HBO Go support for me is not something I am interested in as I do not have cable service anymore nor do I feel that HBO is a better value than Netflix. I would not go without Netflix support at all but I personally think HBO Go is more niche for many people and honestly I bet this device will get that channel before too long. Clearly the HBO Go people seem to be pushing the issue but I know 11 streaming box users and none use HBO Go so while I noted the missing feature above, people still seem to want to beat me up over it.UPDATE 2:CHANNELS:It needs to be said that some channels require cable/satellite subscriptions (to those channels) like HBO Go (not currently on this box), Showtime, ESPN, etc. Even if you have HBO, it does not mean that your provider allows the HBO Go, so look into that before purchasing any box with that in mind. I do like the Bloomberg TV (not available on Roku 3) App which actually features a LIVE TV feature.NETFLIX APP: Is the older style with the tall covers (like VHS boxes) instead of the new Netflix interface that uses short wide covers (like on Roku 3). Netflix has said they are moving everything to the new software but the Fire TV box doesn't have it yet. That makes comparing performance harder from Roku 3 to Fire TV. On my ISP provider Comcast (Netflix recently agreed to pay Comcast so they have faster streams to customers) I do not see a HUGE improvement in performance in buffing like you see on other channels. What it does seem to do is start in better quality and/or speed the improvement in quality. My guess is that the Netflix app needs to be tweaked to maximize the performance of this hardware. One positive with the FireTV app is that it plays the entire TV episode BEFORE switching to a small window with the countdown starting for the next episode. I can't tell you how many times I had to click, click, click and click just to see the end of an episode under Roku 3.Also, the FireTV Netflix app has two features that were removed from the updated Roku app. Before going into a TV show, FireTV tells you how many total episodes that Netflix has. On the Roku it shows you the number of seasons instead. I personally prefer the number of episodes but clearly that is a personal preference. Another point worth mentioning is that the FireTV Netflix App shows you how many items you have in your list and what item number you are on. That information is missing from the Roku 3 Netflix app.AMAZON PRIME CONTENT: Does not loop--a feature they should add (and likely will). This means once you get to the end, it just stops instead of keeping going.VOICE SEARCH:Voice search DOES cover some 3rd party content, despite everyone reporting it works on Amazon's content only. I have repeated confirmed it supports the VEVO app and will find music videos in that app. That may mean that other 3rd party apps are covered as well, or certainly might be able to be in the future. If you search for something that has PRIME content and VEVO content, it will default to the option with the most options. To switch to the other, simply arrow up and either left or right to see the music videos or PRIME search results.OPTICAL OUT:I noticed this box featured an optical out port but normally run everything through my LG TV (via HDMI) and then use an optical out to my receiver (so I never have to change the receiver's settings) so I wasn't excited about this addition to the Fire TV box over my Roku 3 boxes. I stand corrected. I decided to run my audio via the optical cable into the receiver directly from this Fire TV box (something that I can not do with Roku 3) and it fixed all random lip-sync issues I have from time to time on the Roku 3 box (and the same with the HDMI output on this box).Now I know this is not a typical setup for many people but I do know that tons of people have lip-sync issues with HDMI connections so being able to bypass the HDMI minefield is much more important than I expected.VEVO APP:This app works better than the Roku 3 app performance wise...one quick example is that some content simply fails on the Roku 3 app--try watching Britney Spears's Work B**CH (don't make fun of me). Vevo can play this video fine on YouTube and on the Fire TV app but struggles on Roku 3's app. SOME of VEVO's content is also available via VOICE SEARCH too.REMOTE:I do miss the jump back button on the remote that Roku 3 features. It is a tiny thing but it once you are used to jumping back to see that painting in the background or catch that line that you didn't hear because the phone rang, or someone was talking, you feel lost without it. UPDATE They did include this feature but hid it abit. You simply double click the reward button to skip back. I haven't seen anyone else mention this tip so you saw it here first peopleI do like that the enter button is back in the center of the directional keys. This is the way it used to be on Roku boxes before someone at Roku decided to move it below the directional keys, so you have to move your thumb oddly to press it.MULTITASKING:What multitasking you ask Since you haven't seen this advertised or mentioned elsewhere, I can understand your confusion but try this: Load a Pandora stream...then click on the HOME button and browse for movies/tv you want to watch. As long as you are in the Home/Amazon Prime content, you can browse WHILE Pandora continues playing. Now Pandora dies when you enter another APP like Netflix but it shows you that Multitasking is built into the operating system and may be utilized in future features. (Again, this TIP is only found here)Another update: This tip also works when browsing PLEX content before you play something. So even when utilizing a 3rd party app, it can keep going. When it changes to a new song, a small window pops up on the lower right hand side of the screen to tell you know the new song title and artist.PLEX APP:Compared to the Roku app, PLEX for FireTV is totally different. There are some cool features, like the backgrounds, the screensaver using your photos and the MUCH faster menuing (night and day from Roku 3) but I do miss the channels not requiring a couple clicks to switch to ONLINE to see. I do miss that clicking the play button doesn't play a clip, instead you select it (click) and then play it (second click).SCREENSAVER:FireTV has a screensaver that is honestly pretty cool in my opinion. I am not saying you can't do this with other boxes but no other box comes set up to display random photos (and includes a decent amount of beautiful photos as well.) This functionality covers 3rd party apps like Netflix and Plex too so you have a seamless slideshow no matter what you are using when it starts. This is the sort of thing you see on PCs not streaming boxes and it is a nice touch.GAME CHANGING:Many commenters have argued that this device is not gaming changing and many have rating my review not helpful because of that title.I said Nothing else is this fast to which one commenter said, Nobody cares how fast an streaming box is. That's not a game changerActually using it you will see what I mean. This is the first time a company has put so much into creating a very solidly made hardware device. Like a fast computer (which this basically is), it will depend on software that is written for it to fully show off its abilities.When AMD created their first processor that competed directly with Intel's higher end processors, it was a game changer, correct, because it changed the landscape of personal computers forever, lowered pricing, etc.People will look back in 5 years at this moment and say Amazon's FireTV changed how consumer streaming video boxes were made (instead of barely enough processing power to stream, they became able to compete with HTPCs and Mac Minis). This is the beginning of a new generation of streaming boxes.I said Voice search is amazing. and they said Not unique, by any means. My xbox, ps3, tablets, all have this, and all work amazingly.Find one person who owns this that doesn't say this voice search works better than anything from Google, Apple or Microsoft. The fact that little old Amazon could out deliver those tech giants is SHOCKING. The fact this works via a tiny remote makes it very easy to get use to. There is no other product in this price range that does this and no other streaming box even offers it at any cost.I said Ready for gaming, well at least once you spend another 40 to which they said: And stick to basic android games. No thanks. I have a REAL console (or a couple of them) that can play REAL games...This isn't meant to compete with more expensive game consoles. It is meant to bring gaming to streaming boxes, just like tablets/cellphones have brought gaming to millions. They have not replaced gaming consoles (and likely never will) just like this box will not have you ditch your gaming console either but instead it opens you up to tons of games you CAN'T play on that same console. Just imagine all the cheap under 5/free games you can enjoy on your FireTV box. As I said above in my main review, I think Amazon really should have thrown in the controller to really get peopling playing the games but I can understand why they needed to limit their losses.Again, this is a best in class hardware device with real gaming and the best voice search on any tech device (and the only one for a streaming video box). Every future streaming box will be measured against this one. Tell me how that isn't game changingPlease understand that everyone has different priorities and requirements so no one box is going to be perfect for everyone. I am attempting to do my best to address most of the many options and provide a decently balanced opinion of them.Hopefully this review has been helpful to you. If so, please let me know by clicking the button below. Remember you don't have to agree with everything I said to think it was helpful ) Read more",casual user ondemand content devices tried smart tvs brands smart dvdbluray players apple tv wdtv htpc chromecast many competing products mentionfor streaming content box really two options simple use box doesnt require additional items tweakingfirst apple tv easy use interface apple limits content get greatly including prime streaming built lacks lot features well slow reason selecting apple tv apple products unlock features like amazons contentthe second option could consider rokuwhich really means roku box since heads tails better past roku boxes terms remote speed roku stands content features box roku reason see address roku often reviewi added quick summaries options make sure everyone knows options therewdtv great streaming content user friendlychromecast cheap requires items use remote included limited channels according site content broadcast via chromes browser quality level allow browse internet tv amazing cost niche market firetvrokuapple tv live short comings worth look price devicessmart tvs fine occasional use nearly pleasant use daily like separate boxes normally pay extra features found boxes found smart tv decent also good value getting advantage use tv remote access content ithtpc desktop computers mac minis android sticks load software stream video tv add content normal streaming box access without giving quality recommended something comfortable technology doesnt mind fixing issues come time timevideo game consoles xboxplaystations access content streaming boxes plenty power deliver streams downside cost unless already one interfaces consoles designed stream video exclusively interfaces decent clunkyyou use options frankly arent worth hassle amount hair pulling would donow amazon product changed everything might box youbut honestly good chance brand new category amazon got lot right shortcomings least launch well read see areamazons fire tv boxpros nothing else fast roku impressed world raises bar dramatically quad core processor times memory streaming product speeds menus boots quicker starts videos quicker honestly muscle struggle higher end resolutions surround sound like boxes times best way explain extra hours end year box much faster voice search amazing really works less using four directional keypad enter titles real time saver makes wonder wasnt done amazon content vevo music videos least use voice search netflix example ready gaming well least spend another gaming controller feels bit pricy type gaming really less opinion said box real games would actually want play instead limited selection roku real console honestly shouldnt compared better image quality know thinking imagining things changed setup wife noticed generally different apps video slightly sharper clearer using exact tv settings even hdmi cable used roku switched fire tv box noticed especially poor quality feeds image quality noticeably better feeds roku dont know better graphic chips bigger processor tweaking streaming seems something image quality huge deal folks normally us streamers suffer decent quality certainly worth noting far noticed netflix vevo plexcons lacks soul yes soul fire tv box remote built like dvd player appliancecold fast efficient unlike roku box seems bit personally tivoit feels warmer inviting everything box business like including interface lack options change interface merely cold simply less flashypretty roku interface fast less tempted wander around like roku seems like pretty dependent voice search function great leaves missing random items find along way roku interface update upon extended use voice search works amazons content vevo rd party channels like netflix remote ready gaming use compared roku remote gaming buttons turn remote sideways sensors detecting movementsmotion another feature remote dont care use bluetooth instead wifi roku used use bluetooth former high end box instead replaced wifi increase battery life add headphone jack remote likely take weeks use report battery life concerned headphone jack function like roku honest use roku battery drain cool feature missing popular channels launch hbogo mgo vudu addition channel count much less rokus launch channels operate differently firetv roku see notes informationoverallthis fire tv box took much companys products missing items focused delivering smooth fast performance less frills roku price missing channels features biggest failure personally cost gaming controller without box isnt ready gaming adding ability try functionality seems pretty steep amazon included every fire tv box would sold lot games everyone calling roku poor valueif streaming box yet would highly recommend box every product market right dont make endorsement lightly currently roku boxes liked much used fire tv box box means roku really work improving product roku lose high end market update wife officially asked replace roku boxes fire tv boxes tonight yes things good folksif roku box really look missing channels featuresare something could give faster performance also look notes features various common apps answer yes grab one try wait see amazon adds featureschannels least consider fire tv box next boxi personally recommend apple tv still slow lack many features functions apple keeps promising something amazing delivering minor improvementsif budget android based tablet consider chromecast good value price give features content save cost compared roku fire tvi giving box rating compared roku update review regularly check back information also questions comments please feel free ask comments section either helpful people best respond themupdate based comments wanted add pointsregarding comments received item free paid amazon write review etci paid full list price local sales tax box grrr nothing provided paid anything write device work amazon company item customer fact didnt expect even purchase fire tv prior announced figured would deal amazons content feel much weaker netflix fact talked two different family members getting netflix amazons prime streaming service past month alonehbo gothis repeated comments hbo go support something interested cable service anymore feel hbo better value netflix would go without netflix support personally think hbo go niche many people honestly bet device get channel long clearly hbo go people seem pushing issue know streaming box users none use hbo go noted missing feature people still seem want beat itupdate channelsit needs said channels require cablesatellite subscriptions channels like hbo go currently box showtime espn etc even hbo mean provider allows hbo go look purchasing box mind like bloomberg tv available roku app actually features live tv featurenetflix app older style tall covers like vhs boxes instead new netflix interface uses short wide covers like roku netflix said moving everything new software fire tv box doesnt yet makes comparing performance harder roku fire tv isp provider comcast netflix recently agreed pay comcast faster streams customers see huge improvement performance buffing like see channels seem start better quality andor speed improvement quality guess netflix app needs tweaked maximize performance hardware one positive firetv app plays entire tv episode switching small window countdown starting next episode cant tell many times click click click click see end episode roku also firetv netflix app two features removed updated roku app going tv show firetv tells many total episodes netflix roku shows number seasons instead personally prefer number episodes clearly personal preference another point worth mentioning firetv netflix app shows many items list item number information missing roku netflix appamazon prime content loopa feature add likely means get end stops instead keeping goingvoice searchvoice search cover rd party content despite everyone reporting works amazons content repeated confirmed supports vevo app find music videos app may mean rd party apps covered well certainly might able future search something prime content vevo content default option options switch simply arrow either left right see music videos prime search resultsoptical outi noticed box featured optical port normally run everything lg tv via hdmi use optical receiver never change receivers settings wasnt excited addition fire tv box roku boxes stand corrected decided run audio via optical cable receiver directly fire tv box something roku fixed random lipsync issues time time roku box hdmi output boxnow know typical setup many people know tons people lipsync issues hdmi connections able bypass hdmi minefield much important expectedvevo appthis app works better roku app performance wiseone quick example content simply fails roku apptry watching britney spearss work bch dont make fun vevo play video fine youtube fire tv app struggles roku app vevos content also available via voice search tooremotei miss jump back button remote roku features tiny thing used jumping back see painting background catch line didnt hear phone rang someone talking feel lost without update include feature hid abit simply double click reward button skip back havent seen anyone else mention tip saw first peoplei like enter button back center directional keys way used roku boxes someone roku decided move directional keys move thumb oddly press itmultitaskingwhat multitasking ask since havent seen advertised mentioned elsewhere understand confusion try load pandora streamthen click home button browse moviestv want watch long homeamazon prime content browse pandora continues playing pandora dies enter another app like netflix shows multitasking built operating system may utilized future features tip found hereanother update tip also works browsing plex content play something even utilizing rd party app keep going changes new song small window pops lower right hand side screen tell know new song title artistplex appcompared roku app plex firetv totally different cool features like backgrounds screensaver using photos much faster menuing night day roku miss channels requiring couple clicks switch online see miss clicking play button doesnt play clip instead select click play second clickscreensaverfiretv screensaver honestly pretty cool opinion saying cant boxes box comes set display random photos includes decent amount beautiful photos well functionality covers rd party apps like netflix plex seamless slideshow matter using starts sort thing see pcs streaming boxes nice touchgame changingmany commenters argued device gaming changing many rating review helpful titlei said nothing else fast one commenter said nobody cares fast streaming box thats game changeractually using see mean first time company put much creating solidly made hardware device like fast computer basically depend software written fully show abilitieswhen amd created first processor competed directly intels higher end processors game changer correct changed landscape personal computers forever lowered pricing etcpeople look back years moment say amazons firetv changed consumer streaming video boxes made instead barely enough processing power stream became able compete htpcs mac minis beginning new generation streaming boxesi said voice search amazing said unique means xbox ps tablets work amazinglyfind one person owns doesnt say voice search works better anything google apple microsoft fact little old amazon could deliver tech giants shocking fact works via tiny remote makes easy get use product price range streaming box even offers costi said ready gaming well least spend another said stick basic android games thanks real console couple play real gamesthis isnt meant compete expensive game consoles meant bring gaming streaming boxes like tabletscellphones brought gaming millions replaced gaming consoles likely never like box ditch gaming console either instead opens tons games cant play console imagine cheap free games enjoy firetv box said main review think amazon really thrown controller really get peopling playing games understand needed limit lossesagain best class hardware device real gaming best voice search tech device one streaming video box every future streaming box measured one tell isnt game changingplease understand everyone different priorities requirements one box going perfect everyone attempting best address many options provide decently balanced opinion themhopefully review helpful please let know clicking button remember dont agree everything said think helpful read
"Categories,Amazon Devices,Electronics Features,Streaming Media Players,Consumer Electronics,See more Amazon Fire TV Digital HD Media Streamer (Late...",1.0,1.0,"I was really looking forward to using what was hyped as an amazing piece of entertainment equipment, but the actual experience falls short.Pros:+ User interface and underlying hardware is fast+ Form factor of the device and remote control is very sleek+ Plays games fairly well, especially for such a small box+ Quality of Amazon videos is very good+ Voice search works quite well+ The device came pre-configured for my Amazon account. I just plugged it in, updated the software, and away I wentCons:- First and foremost, there is STILL no way to search for only free movies on Prime.- Amazon touts it's 40,000 Prime movies available, but good luck finding them. There is no categorization by genre. You are stuck surfing through dumb lists of movies, or using the search function, which almost never returns any Prime movies- Voice search works only on Amazon content. You cannot use this to search within Netflix, for example- The Amazon FireTV box only comes with 8GB of memory for game and app storage, which is completely inadequate. There are games available for download that consume almost 2GB for ONE GAME. Good luck downloading a 1.76GB game, like the racing game featured in the list of top games.Clearly, Amazon is marketing this device as a way to push its video content. In the help video that automatically plays the first time you use the device, it even offers you a 30 day Prime membership for free to try it out. However, Amazon has no incentive to help you actually search for and find this free content. It's clearly evident in the lack of ability to filter search results on free Prime content only. This is my biggest beef with Amazon, by far. I want a Netflix-like experience, where my Prime content is sorted by genre, and I can search for free movies only. Now, if you want to pay for video rentals, by all means buy this device, because it works really well. If you want it to access your Prime content only, stick to the Roku box you probably already have, because it works just as good.UPDATE:I called customer service, and talked to a guy about how I can search for and access my 40,000 Prime movies. Well....YOU CAN'T According to him, I can only find the Prime movies on the two lists on FireTV that say Recently added to Prime and Top Prime Movies. Those lists are 73 items, and 150 items, respectively. THERE IS NO WAY TO SEARCH OR BROWSE FREE PRIME CONTENT ONLY. The guy I talked to said this was a very common request for people. OF COURSE IT IS. I don't want to pay for video rentals if I just paid for a Prime membership to access free content. AMAZON COMPLETELY FAILED. I AM RETURNING THE FIRE TV.",really looking forward using hyped amazing piece entertainment equipment actual experience falls shortpros user interface underlying hardware fast form factor device remote control sleek plays games fairly well especially small box quality amazon videos good voice search works quite well device came preconfigured amazon account plugged updated software away wentcons first foremost still way search free movies prime amazon touts prime movies available good luck finding categorization genre stuck surfing dumb lists movies using search function almost never returns prime movies voice search works amazon content cannot use search within netflix example amazon firetv box comes gb memory game app storage completely inadequate games available download consume almost gb one game good luck downloading gb game like racing game featured list top gamesclearly amazon marketing device way push video content help video automatically plays first time use device even offers day prime membership free try however amazon incentive help actually search find free content clearly evident lack ability filter search results free prime content biggest beef amazon far want netflixlike experience prime content sorted genre search free movies want pay video rentals means buy device works really well want access prime content stick roku box probably already works goodupdatei called customer service talked guy search access prime movies wellyou cant according find prime movies two lists firetv say recently added prime top prime movies lists items items respectively way search browse free prime content guy talked said common request people course dont want pay video rentals paid prime membership access free content amazon completely failed returning fire tv
"Categories,Amazon Devices,Electronics Features,Streaming Media Players,Consumer Electronics,See more Amazon Fire TV Digital HD Media Streamer (Late...",5.0,0.0,"I am sooo impressed with Amazon Fire TV. Believe it or not, I sit and watch the screensaver lots a lot because the pictures are just that good. It is like taking a trip around the world. The amount of things you can do with this Fire TV is pretty incredible to me. There is so much on here and that can be added as apps is impressive. There is a massive amount of things to watch, both free with Prime and much that is a fee to rent or buy. I am glad I made this purchase. This unit is so small I will take it with me on vacation and just plug it in to any TV with the HDMI and keep up with my favorite shows.",sooo impressed amazon fire tv believe sit watch screensaver lots lot pictures good like taking trip around world amount things fire tv pretty incredible much added apps impressive massive amount things watch free prime much fee rent buy glad made purchase unit small take vacation plug tv hdmi keep favorite shows
"Categories,Amazon Devices,Electronics Features,Streaming Media Players,Consumer Electronics,See more Amazon Fire TV Digital HD Media Streamer (Late...",5.0,0.0,"In addition to the Fire TV, I have an Apple TV as well as a ChromeCast. By far and large, the best product is the Fire TV. I use it more than both the other ones combined. Having integration between my Prime list and the device is clutch, as I consume media across several different devices.I do wish I could search by Prime Instant, so I hope they will fix that. I also wish I could cast a Prime Instant streaming video from a device to the Fire TV, but I don't see that as an option (although I can cast YouTube to my Fire TV, which is really cool).There is no doubt that it is faster than both Apple TV and ChromeCast, and the voice recognition is SO convenient. I also have the game controller, and the games are pretty good. I don't game much, but I wanted to check it out. I was surprised at the speed of the games and the level of engagement.I'd also like to be able to see a future improvement where screens can be mirrored from devices to this (both ChromeCast and Apple TV have this). From an educator's standpoint, this could be the 100 solution to wireless projection for classroom teachers (Apple TV doesn't play well with enterprise level security, and ChromeCast doesn't do well with some software that is essential for instruction).All in all, it's my favorite media device. It's faster, has a great and snappy UI, and is easy to setup.",addition fire tv apple tv well chromecast far large best product fire tv use ones combined integration prime list device clutch consume media across several different devicesi wish could search prime instant hope fix also wish could cast prime instant streaming video device fire tv dont see option although cast youtube fire tv really coolthere doubt faster apple tv chromecast voice recognition convenient also game controller games pretty good dont game much wanted check surprised speed games level engagementid also like able see future improvement screens mirrored devices chromecast apple tv educators standpoint could solution wireless projection classroom teachers apple tv doesnt play well enterprise level security chromecast doesnt well software essential instructionall favorite media device faster great snappy ui easy setup
"Categories,Amazon Devices,Electronics Features,Streaming Media Players,Consumer Electronics,See more Amazon Fire TV Digital HD Media Streamer (Late...",5.0,0.0,"Thank you for another awesome device, Amazon.My husband and I were impressed with the lack of lag and drop outs while watching movies. We have 2 of these devices and loving them both.",thank another awesome device amazonmy husband impressed lack lag drop outs watching movies devices loving
"Categories,Amazon Devices,Electronics Features,Streaming Media Players,Consumer Electronics,See more Amazon Fire TV Digital HD Media Streamer (Late...",4.0,0.0,"It seems to work fine so far (2 Days with it). What I don't like is how Amazon has made it so thePrime content is mixed with the For Pay content, with no easy way to just see what is ONLY Prime content. This is obviously made to divert you into buying more non Prime content...Amazon, please give us a CLEAR way to view Prime Only if that's what we want. I know we can voice search for anything... and that's great, but sometimes we just want to Go Fishing and would like to fish in the Prime pond only. This is a pretty big deal when you compare this to competing (Think ROKU) products that let you do just that.Hard to believe your competition does a better job with presenting your own content than you do. Maybe an update in the near future will Fix this.",seems work fine far days dont like amazon made theprime content mixed pay content easy way see prime content obviously made divert buying non prime contentamazon please give us clear way view prime thats want know voice search anything thats great sometimes want go fishing would like fish prime pond pretty big deal compare competing think roku products let thathard believe competition better job presenting content maybe update near future fix
"Categories,Amazon Devices,Electronics Features,Streaming Media Players,Consumer Electronics,See more Amazon Fire TV Digital HD Media Streamer (Late...",5.0,0.0,cancelled ATT U-verse and bought this w/ netflix and amazon prime. so far we are very happy - especially kids as they have all their favorite shows/movies,cancelled att uverse bought w netflix amazon prime far happy especially kids favorite showsmovies
"Categories,Amazon Devices,Electronics Features,Streaming Media Players,Consumer Electronics,See more Amazon Fire TV Digital HD Media Streamer (Late...",5.0,0.0,"This is a wonderful streaming device. I have been an Apple TV man since 2008, but I have decided that I just might never return to my Apple TV. I have used/owned all 3 generations and have known them inside and out (unlocked my 1st generation for secret stuff. Shhhh) and swore by them for years. I just received my amazon fire tv device this afternoon and plugged it up without a hitch. Voice command is a nice touch, but I was most impressed with the speed of the quad core processor. No more waiting for my videos to buffer, and this is especially important in my house where my wife, kids, and I are sometimes simultaneously streaming videos. Final word: If you're just looking for a great device to stream both Netflix and Amazon Prime, then you've found the right streamer.",wonderful streaming device apple tv man since decided might never return apple tv usedowned generations known inside unlocked st generation secret stuff shhhh swore years received amazon fire tv device afternoon plugged without hitch voice command nice touch impressed speed quad core processor waiting videos buffer especially important house wife kids sometimes simultaneously streaming videos final word youre looking great device stream netflix amazon prime youve found right streamer
"Categories,Amazon Devices,Electronics Features,Streaming Media Players,Consumer Electronics,See more Amazon Fire TV Digital HD Media Streamer (Late...",5.0,0.0,"I got mine from an electronics store, because I didn't want to wait for it to arrive in the mail. Setup was a breeze. I don't have cable, so prior to this, I had to hook my laptop up to my TV to enjoy Prime and Netflix content on it. I'm also really pleased that they added a YouTube app That was the number one drawback for me when considering this device. From what I've read, I figured I'd sideload one, but they saved me the trouble.Once I signed in to YouTube and linked my mobile devices, I even gained the ability to send content to my TV for viewing I don't have a Fire phone or Kindle (although I do have a Paperwhite), so I'm not able to comment on the connectivity with those.I can't say enough good things about this tiny box. I've had it for a couple of months and use it every day The user interface is intuitive and efficient. I really love the screen saver pictures, too. Most of them are breathtaking, and they seem to update periodically. The voice search is very accurate. There are a decent amount of apps for added content. I mostly stick to the abovementioned sources, but I added Crackle for a bit of variety.My only complaint would be about the rewind/fast forward. It's not intuitive, and takes some getting used to. I don't use that feature often, so it's no biggie to me.I did feel a bit weird about not being able to turn it off at first, but I got used to that, too. Just make sure to press the Home button when you're done for the evening or whatever, because you leave it paused in the middle of a show or something, it won't go to sleep. It remembers your place in whatever you were watching, so no worries about that.I look forward to continued software improvements, and plan on getting a game controller sometime soon, so I can try out the games.",got mine electronics store didnt want wait arrive mail setup breeze dont cable prior hook laptop tv enjoy prime netflix content im also really pleased added youtube app number one drawback considering device ive read figured id sideload one saved troubleonce signed youtube linked mobile devices even gained ability send content tv viewing dont fire phone kindle although paperwhite im able comment connectivity thosei cant say enough good things tiny box ive couple months use every day user interface intuitive efficient really love screen saver pictures breathtaking seem update periodically voice search accurate decent amount apps added content mostly stick abovementioned sources added crackle bit varietymy complaint would rewindfast forward intuitive takes getting used dont use feature often biggie mei feel bit weird able turn first got used make sure press home button youre done evening whatever leave paused middle show something wont go sleep remembers place whatever watching worries thati look forward continued software improvements plan getting game controller sometime soon try games
"Categories,Amazon Devices,Electronics Features,Streaming Media Players,Consumer Electronics,See more Amazon Fire TV Digital HD Media Streamer (Late...",5.0,0.0,"This review is to try to offset some of Roku employees that are on here trying to knock this device.The first thing you notice after plugging everything in, is a 3-5 minute demo that you can unfortunately not bypass, even if you know your way around these types of devices. You will only see it once, and then you're good to go. The device is small and beautiful. The remote is better than any other device, including Roku 3, and my WD TV Live.First the PROs:- It's the fastest media streamer, by far. That's not only a good thing if you own one, but it will force Roku and other companies to stop skimping on the hardware, and firmware updating.- The menu is intuitive and easy to maneuver. You can't move things around yet, but I'm sure they will eventually let you customize your own page. As of now, the apps (which would be at the top, if I could change it) are at the bottom. Apps are larger and higher resolution than the Roku.- The voice button is amazing. For a first attempt, they almost got it right. I understand this is a proprietary device, so they will always want you to use Amazon instant video for your viewing. But this option should search for all of your linked accounts, including Hulu, Netflix, etc. I'm not sure that they will ever fix this, because they will lose money and viewers. Even so, it's still a PRO, because it does work well.- Streaming quality - WOW Everything I've tried buffers so quickly, that it's almost already at 1080p when it starts playing. With my Roku, Netflix looks great, but it takes 5-10 seconds to get there. I currently have 100Mbps of internet, so I'm not sure what everyone else goes through, but I can tell you this streams better than Roku. Period.- Overheating and reboots - My Roku 3 cannot handle more than a couple of hours of viewing before it decides that was too many rows of stairs. It gets exhausted, and it has to reset itself. This device is more powerful, and after using it all day today, I can say my Roku 3 will be immediately up for sale, once they add the Time Warner Cable and HBOgo apps.-- PLEX -- Okay, I always blamed my Plex for the long delays on my Roku. With my internet speeds, I could never understand why it was always loading at 1080p settings, regardless of the bitrate. Anyway, I was wrong. It's the device. Not only does the Fire TV have a much better PLEX app (which is beautiful, btw), but everything streams at maximum quality within seconds. No re-loading (buffering) during movie playback. And the movies are in a much nicer grid layout, so I don't have to sift through one row to get to a movie selection.Now the CONS:- Obviously it's still missing some apps. You are crazy if you think HBOgo will go much longer without being added. The same for other apps. They built it, so they WILL come.- Interface - it is nice, but as I stated in the PROs, you can't make changes to it, hopefully just for now. If it stays this way, it will be a little annoying to have to scroll down all the way just to get to my apps.- One major issue that is very upsetting to me, is the fact that they couldn't add two very important things - USB 3.0, and 802.11ac. If Amazon claims they were listening, they would also know that these two things would dramatically improve the user experience. I haven't plugged my WD 4TB hard to it yet, but it is a 3.0 hard drive. Now it will unfortunately revert to 2.0 speeds. Don't build a supposedly forward-thinking device with two things that are now considered dated. I have a feeling this was done to make money off the Fire TV 2. Thanks for that.Overall, it is the best device currently available, and they really made the experience fun. It does make you want to call your cable company and cancel service. Buy it...you will not regret it.",review try offset roku employees trying knock devicethe first thing notice plugging everything minute demo unfortunately bypass even know way around types devices see youre good go device small beautiful remote better device including roku wd tv livefirst pros fastest media streamer far thats good thing one force roku companies stop skimping hardware firmware updating menu intuitive easy maneuver cant move things around yet im sure eventually let customize page apps would top could change bottom apps larger higher resolution roku voice button amazing first attempt almost got right understand proprietary device always want use amazon instant video viewing option search linked accounts including hulu netflix etc im sure ever fix lose money viewers even still pro work well streaming quality wow everything ive tried buffers quickly almost already p starts playing roku netflix looks great takes seconds get currently mbps internet im sure everyone else goes tell streams better roku period overheating reboots roku cannot handle couple hours viewing decides many rows stairs gets exhausted reset device powerful using day today say roku immediately sale add time warner cable hbogo apps plex okay always blamed plex long delays roku internet speeds could never understand always loading p settings regardless bitrate anyway wrong device fire tv much better plex app beautiful btw everything streams maximum quality within seconds reloading buffering movie playback movies much nicer grid layout dont sift one row get movie selectionnow cons obviously still missing apps crazy think hbogo go much longer without added apps built come interface nice stated pros cant make changes hopefully stays way little annoying scroll way get apps one major issue upsetting fact couldnt add two important things usb ac amazon claims listening would also know two things would dramatically improve user experience havent plugged wd tb hard yet hard drive unfortunately revert speeds dont build supposedly forwardthinking device two things considered dated feeling done make money fire tv thanks thatoverall best device currently available really made experience fun make want call cable company cancel service buy ityou regret
"Categories,Amazon Devices,Electronics Features,Streaming Media Players,Consumer Electronics,See more Amazon Fire TV Digital HD Media Streamer (Late...",5.0,0.0,"After having the FireTV for about a month now, I can confidently recommend this product for most people. Versus the current generation Apple TV, ChromeCast and Roku offerings, the FireTV is the best value due to it's access to a wide variety of content, build quality and advanced features. It's a device I have recommended to my (almost-elderly) parents my (geeky) friends.Best things about the FireTV: - It is fast - unlike the Roku it does not lag and feels like a high quality product - Has Amazon Prime Video access- if you have prime membership, this is the best accessory you can buy. Lots of great content from Comedy Central and newer movies versus Netflix. - An AppStore with apps games you actually want - Plex Showtime AnyTime are the big difference makers IMO. - If you have local video files on your network, Plex is the way to go. - Voice searchWorst things about the FireTV (which really aren't that bad): - Annoying/long intro video upon the first time you boot up - Larger power adapter versus Apple TV (Yes the little things count) - No HBOGO until late 2014 - Going to be a problem from the folks looking for their Game of Thrones fix this spring** - No chromecast/airplay like feature unless you have an amazon tablet**If you don't need HBOGO right now and don't have a bunch of apple products, stop reading this right now and buy this device. You won't regret it.** See below for ways around thisIf you are an advanced user and/or are on the fence this next section is for you.Before the FireTV, I had 3 Apple Tv 2's in my house that I used to access HBOGO, Hulu+, Netflix my local media through the infuse application. I had tried Roku's, ChromeCast and other media boxes/home theater pc's and the Apple TV worked best for me. While this has served me well there are obvious drawbacks - lack of 1080p video, limited app selection, no games, etc.... Which led me to trying the FireTV.Because the FireTV is based on android, android apps can be side loaded on the device and many work fine. The steps below will outline how to get started side loading apps to your FireTV. You may want to have a usb keyboard and mouse handy - you'll need them to get a few things running. Any old usb keyboard/mouse you have lying around should work OK.(The following links provide the best directions I have come across during my time with the device and have worked for me and should work for you too, but no promises)How to sideload applications to the FireTV:1. The first step in loading android apps is getting ADB set up on your machine can be done by following amazon's directions - developer.amazon.com/appsandservices/solutions/devices/fire-tv/docs/connecting-adb2. After that, you can go ahead and proceed with side loading applications, also by following amazon's directions - developer.amazon.com/sdk/asb/app-install.html3. If you aren't comfortable with working with the command line, and are running windows, you can try this great GUI application to automatically side load applications. - forum.xda-developers.com/showthread.phpt2736740Once you are able to send android apps (.apk) files to the FireTV, I recommend:1. Installing MXPlayer to allow .MKV .AVI video file playback: sites.google.com/site/mxvpen/download2. If your network drive/computer doesn't support plex, try using ESFileExplorer to navigate to play back video files - appsapk.com/es-file-explorer/3. AirReceiver which mimics the functionality of airplay on an appletv. Please note this only supports unencrypted video feeds. This is a paid app, buy play.google.com/store/apps/detailsidcom.softmedia.receiver4. HBOGO android app can be installed and works rather well. It does require a mouse to navigate.5. XBMC - If you know what this, you will want it and yes it works. Download via xbmc.orgFor the cord cutters out there, I've tried installing Aereo Slingbox with mixed results. Slingbox for tablets loads and opens ok. Using the mouse I was able to accept the terms conditions and input my user info. Unfortunately it doesn't load the video stream. Other folks have had success apparently, so it may be just me. Aereo side loads opens fine but I couldn't sign up for a trial as I am 1 town over from being in their current market area. I will update this review if I get any further with either.There are many more apps you may want to try so check out this comprehensive list of app functionality from the reddit.com/r/firetv folks - docs.google.com/spreadsheets/d/1uD6cesLVtHwsoWDE9jlKsV9FtlUbQ3KvDQp6N9gbHE/editgid1337307432This list includes information on emulators roms which I didn't include in this review due to their dubious legality.",firetv month confidently recommend product people versus current generation apple tv chromecast roku offerings firetv best value due access wide variety content build quality advanced features device recommended almostelderly parents geeky friendsbest things firetv fast unlike roku lag feels like high quality product amazon prime video access prime membership best accessory buy lots great content comedy central newer movies versus netflix appstore apps games actually want plex showtime anytime big difference makers imo local video files network plex way go voice searchworst things firetv really arent bad annoyinglong intro video upon first time boot larger power adapter versus apple tv yes little things count hbogo late going problem folks looking game thrones fix spring chromecastairplay like feature unless amazon tabletif dont need hbogo right dont bunch apple products stop reading right buy device wont regret see ways around thisif advanced user andor fence next section youbefore firetv apple tv house used access hbogo hulu netflix local media infuse application tried rokus chromecast media boxeshome theater pcs apple tv worked best served well obvious drawbacks lack p video limited app selection games etc led trying firetvbecause firetv based android android apps side loaded device many work fine steps outline get started side loading apps firetv may want usb keyboard mouse handy youll need get things running old usb keyboardmouse lying around work okthe following links provide best directions come across time device worked work promiseshow sideload applications firetv first step loading android apps getting adb set machine done following amazons directions developeramazoncomappsandservicessolutionsdevicesfiretvdocsconnectingadb go ahead proceed side loading applications also following amazons directions developeramazoncomsdkasbappinstallhtml arent comfortable working command line running windows try great gui application automatically side load applications forumxdadeveloperscomshowthreadphptonce able send android apps apk files firetv recommend installing mxplayer allow mkv avi video file playback sitesgooglecomsitemxvpendownload network drivecomputer doesnt support plex try using esfileexplorer navigate play back video files appsapkcomesfileexplorer airreceiver mimics functionality airplay appletv please note supports unencrypted video feeds paid app buy playgooglecomstoreappsdetailsidcomsoftmediareceiver hbogo android app installed works rather well require mouse navigate xbmc know want yes works download via xbmcorgfor cord cutters ive tried installing aereo slingbox mixed results slingbox tablets loads opens ok using mouse able accept terms conditions input user info unfortunately doesnt load video stream folks success apparently may aereo side loads opens fine couldnt sign trial town current market area update review get eitherthere many apps may want try check comprehensive list app functionality redditcomrfiretv folks docsgooglecomspreadsheetsdudceslvthwsowdejlksvftlubqkvdqpngbheeditgidthis list includes information emulators roms didnt include review due dubious legality
"Categories,Amazon Devices,Electronics Features,Streaming Media Players,Consumer Electronics,See more Amazon Fire TV Digital HD Media Streamer (Late...",4.0,0.0,"Amazon billed my credit card prematurely on payment date for monthly installment andhave no way to contact amazon to request due date on account, not happy at all amazondeducted my payment earlier than agreed terms.",amazon billed credit card prematurely payment date monthly installment andhave way contact amazon request due date account happy amazondeducted payment earlier agreed terms
"Categories,Amazon Devices,Electronics Features,Streaming Media Players,Consumer Electronics,See more Amazon Fire TV Digital HD Media Streamer (Late...",5.0,0.0,got as a gift and we love it,got gift love
"Categories,Amazon Devices,Electronics Features,Streaming Media Players,Consumer Electronics,See more Amazon Fire TV Digital HD Media Streamer (Late...",2.0,1.0,"I would have rated this higher (4 stars) but I am taking off 2 stars for not having an 'off' or a 'sleep mode' button. It is supposed to go to sleep after 30 minutes but mine has not gone to sleep much since plugging it in a few days ago. So far it is only a slight improvement over my LG blu-ray players which allows me to watch amazon videos. I only see a few Interesting games so I will continue using my Xbox and my Kindle tablets until more games are available. For the price, I could have waited.",would rated higher stars taking stars sleep mode button supposed go sleep minutes mine gone sleep much since plugging days ago far slight improvement lg bluray players allows watch amazon videos see interesting games continue using xbox kindle tablets games available price could waited
"Categories,Amazon Devices,Electronics Features,Streaming Media Players,Consumer Electronics,See more Amazon Fire TV Digital HD Media Streamer (Late...",5.0,0.0,"This was SO easy to set up. We were up running in less than 10 minutes and WOW. This is primarily my hubby's toy (I play on the computer, he flies the TV). Voice search is SUCH a timesaver. I used to have to stop whatever I was doing to type in whatever he needed to search for. NOW, HE CAN HANDLE IT. Speak and ye shall FIND. Love, love, love this boxThe speed of the video loading is awesome, as is the intuitive search function (Amazon KNOWS what he likes, so his lists are more or less pre-filtered so they load faster).I waffled for WEEKS before buying this. I read tons of reviews finally decided it would be worth the temporary (Honey, HOW DO I DO THIS) change in look, feel, etc. (we've been streaming with a Roku since about 2009 had the Roku XD for a long time, just before the change to FireTV).Finally, I decided to try it, thinking if Hubby had too much difficulty adapting, we'd just send it back (while also TRUSTING AMAZON to have made a massive leap forward--have never, myself, been disappointed with any of their electronic offerings).I was expecting to have to sync it with our router, sign on to our accounts again and again (Amazon, Netflix, etc.).NOPE. Plug it in.It turned itself ON.Updated ITSELF.FOUND my router.Was PRE-LOADED with my Amazon account.We were from box to watching in under 10 minutes (there's even a 2 or 3 minute cartoon TUTORIAL that teaches you everything you need to know to stream use your remote--easy breezy).When he wanted to try Netflix, he was able to EASILY click to install an app, then I *painfully* used a grid-keyboard to logon to Netflix account (username pwd) only ONCE and we were DONE.The voice search is SUCH a leap forward. It's incredible AND accurate. Can voice search by title, genre, director, actor, everything. And it even understands SOUTHERN. WooHooIt has 4 times the processing speed and 4 times the memory of our previous Roku box WOW what a difference in loadtime, resolution, quality of picture/vividness of color. Just awesome. What can I say Amazon did it again.Movie/Program descriptions are displayed at the bottom of the screen ( my ONLY quibbling complaint is you can't change the font size on descriptions w/o altering TV resolution, which I won't do). They do have excellent Closed Captioning functionality for those who need it you can enlarge the fonts there for easy readability.Basically, I'm very happy we took the plunge it really was a worthwhile improvement for us (we prefer Amazon's video streaming anyway--they have lots more documentaries than the other streaming services).I'm just sorry I waited so long : )---------Quick Update:Not all apps come preloaded on the device, though a ton of others did (Pandora, Bloomberg, Showtime Anytime, Netflix, Vevo, Vimeo, WatchESPN, Crackle, HuluPlus, iheartradio, and tuneinradio).IF you have an Amazon Kindle TABLET (I'm guessing like the HDX), you can somehow toss photos from the tablet directly to the Fire. Meaning, sitting in your living room, you can, apparently, swipe the photo across the screen and it lands on the Fire. (Don't have that, so can't DO that). HOWEVER, we do have many photos saved to Amazon's Cloud Drive they were all accessible from the FireTV console (via the TV, with just a click)--even a short family video we'd uploaded. With no interference from me. Just clicked on Photos there they were. EASY. A very nice feature.",easy set running less minutes wow primarily hubbys toy play computer flies tv voice search timesaver used stop whatever type whatever needed search handle speak ye shall find love love love boxthe speed video loading awesome intuitive search function amazon knows likes lists less prefiltered load fasteri waffled weeks buying read tons reviews finally decided would worth temporary honey change look feel etc weve streaming roku since roku xd long time change firetvfinally decided try thinking hubby much difficulty adapting wed send back also trusting amazon made massive leap forwardhave never disappointed electronic offeringsi expecting sync router sign accounts amazon netflix etcnope plug init turned onupdated itselffound routerwas preloaded amazon accountwe box watching minutes theres even minute cartoon tutorial teaches everything need know stream use remoteeasy breezywhen wanted try netflix able easily click install app painfully used gridkeyboard logon netflix account username pwd donethe voice search leap forward incredible accurate voice search title genre director actor everything even understands southern woohooit times processing speed times memory previous roku box wow difference loadtime resolution quality picturevividness color awesome say amazon againmovieprogram descriptions displayed bottom screen quibbling complaint cant change font size descriptions wo altering tv resolution wont excellent closed captioning functionality need enlarge fonts easy readabilitybasically im happy took plunge really worthwhile improvement us prefer amazons video streaming anywaythey lots documentaries streaming servicesim sorry waited long quick updatenot apps come preloaded device though ton others pandora bloomberg showtime anytime netflix vevo vimeo watchespn crackle huluplus iheartradio tuneinradioif amazon kindle tablet im guessing like hdx somehow toss photos tablet directly fire meaning sitting living room apparently swipe photo across screen lands fire dont cant however many photos saved amazons cloud drive accessible firetv console via tv clickeven short family video wed uploaded interference clicked photos easy nice feature
"Amazon Devices & Accessories,Amazon Device Accessories,Power Adapters & Cables,Kindle Store,Kindle E-Reader Accessories,Kindle Paperwhite Accessories",4.0,0.0,"According to the info, the Paperwhite charges faster with the charger made for a Kindle but I think any brand will work. It came in a package deal when I bought my Paperwhite otherwise I would've skipped it used what I've been using for my old Kindle. I gave it 4 stars, because I like it, but feel it's overpriced.",according info paperwhite charges faster charger made kindle think brand work came package deal bought paperwhite otherwise wouldve skipped used ive using old kindle gave stars like feel overpriced
"Amazon Devices & Accessories,Amazon Device Accessories,Power Adapters & Cables,Kindle Store,Kindle E-Reader Accessories,Kindle Paperwhite Accessories",5.0,0.0,Charger has worked well for charging my Voyage. Comes as a separate purchase from the Voyage which I found. Think it should be bundledwith the purchase price of the Kindle Voyage.,charger worked well charging voyage comes separate purchase voyage found think bundledwith purchase price kindle voyage
"Amazon Devices & Accessories,Amazon Device Accessories,Power Adapters & Cables,Kindle Store,Kindle E-Reader Accessories,Kindle Paperwhite Accessories",5.0,0.0,I'm very glad that I made this purchase. I don't often bring my computer with me when I travel. I enjoy having the option of using a standard outlet to charge the Paperwhite.,im glad made purchase dont often bring computer travel enjoy option using standard outlet charge paperwhite
"Amazon Devices & Accessories,Amazon Device Accessories,Power Adapters & Cables,Kindle Store,Kindle E-Reader Accessories,Kindle Paperwhite Accessories",2.0,1.0,very overpriced!,overpriced
"Amazon Devices & Accessories,Amazon Device Accessories,Power Adapters & Cables,Kindle Store,Kindle E-Reader Accessories,Kindle Paperwhite Accessories",1.0,1.0,My adaptor doesn't work. Maybe I'm doing something wrong but there are no instructions. It looks pretty simple. So it just simply doesn't work.,adaptor doesnt work maybe im something wrong instructions looks pretty simple simply doesnt work
"Amazon Devices & Accessories,Amazon Device Accessories,Power Adapters & Cables,Kindle Store,Kindle E-Reader Accessories,Kindle Paperwhite Accessories",5.0,0.0,First rate - high quality!,first rate high quality
"Amazon Devices & Accessories,Amazon Device Accessories,Power Adapters & Cables,Kindle Store,Kindle E-Reader Accessories,Kindle Paperwhite Accessories",5.0,0.0,Reliable and well-regulated for dual voltage (110-120v and 220-240v) without too much heat generation in Europe/Asia.,reliable wellregulated dual voltage v v without much heat generation europeasia
"Amazon Devices & Accessories,Amazon Device Accessories,Power Adapters & Cables,Kindle Store,Kindle E-Reader Accessories,Kindle Paperwhite Accessories",2.0,1.0,Too,
"Amazon Devices & Accessories,Amazon Device Accessories,Power Adapters & Cables,Kindle Store,Kindle E-Reader Accessories,Kindle Paperwhite Accessories",5.0,0.0,"Works great, just as expected. The Kindle doesn't need to charge very often, but I use this all the time for my phone. Nice to have a charger in more than one room.",works great expected kindle doesnt need charge often use time phone nice charger one room
"Amazon Devices & Accessories,Amazon Device Accessories,Power Adapters & Cables,Kindle Store,Kindle E-Reader Accessories,Kindle Paperwhite Accessories",1.0,1.0,"This is the THIRD power charger that I have HAD to buy at cost of over 30 each since my Kindle Fire purchase. Why can't the chargers last a REASONABLE amount of time When I connected this charger, I received a message saying that it was a LOW level charger it probably would not charge while the Kindle was in use. NOT ACCEPTABLE for this cost!!!",third power charger buy cost since kindle fire purchase cant chargers last reasonable amount time connected charger received message saying low level charger probably would charge kindle use acceptable cost
"Amazon Devices & Accessories,Amazon Device Accessories,Power Adapters & Cables,Kindle Store,Kindle E-Reader Accessories,Kindle Paperwhite Accessories",4.0,0.0,"Very expensive charger. I think the kindle should come with it as does all other tablets, including the fire, which is way cheaper and includes the charger for just 50. It is a pretty large charger though and doesn't fit in the kindle box with the kindle, at all.",expensive charger think kindle come tablets including fire way cheaper includes charger pretty large charger though doesnt fit kindle box kindle
"Amazon Devices & Accessories,Amazon Device Accessories,Power Adapters & Cables,Kindle Store,Kindle E-Reader Accessories,Kindle Paperwhite Accessories",5.0,0.0,Meet my needs but feel should be supplied when actually purchasing the Oasis E-Reader.,meet needs feel supplied actually purchasing oasis ereader
"Amazon Devices & Accessories,Amazon Device Accessories,Power Adapters & Cables,Kindle Store,Kindle E-Reader Accessories,Kindle Paperwhite Accessories",2.0,1.0,Q: What's the difference between a 19.99 Amazon 5W USB Official OEM Charger and Power Supply and a 5.95 5V 1A (1000mA) USB port power supply - UL ListedA: 14.04 Calling it a 5W charger rather than a 5V 1A charger is a distinction without a difference.,q whats difference amazon w usb official oem charger power supply v usb port power supply ul listeda calling w charger rather v charger distinction without difference
"Amazon Devices & Accessories,Amazon Device Accessories,Power Adapters & Cables,Kindle Store,Kindle E-Reader Accessories,Kindle Paperwhite Accessories",5.0,0.0,"These are great. This is my second Paperwhite and second charger. Thinking about a third, fourth...because while putting fiction on one and non-fiction on other have been thinking how great to have a Kindle dedicated just to recipes, another to health books etc would be marvelous",great second paperwhite second charger thinking third fourthbecause putting fiction one nonfiction thinking great kindle dedicated recipes another health books etc would marvelous
"Amazon Devices & Accessories,Amazon Device Accessories,Power Adapters & Cables,Kindle Store,Kindle E-Reader Accessories,Kindle Paperwhite Accessories",5.0,0.0,This. Is a great charger. I like it better than the square ones.,great charger like better square ones
"Amazon Devices & Accessories,Amazon Device Accessories,Power Adapters & Cables,Kindle Store,Kindle E-Reader Accessories,Kindle Paperwhite Accessories",4.0,0.0,"To date, it's working fine. I'm hoping that it continues to work it's usually not the charger that goes bad for me though, it's the cord!",date working fine im hoping continues work usually charger goes bad though cord
"Amazon Devices,Kindle Store",5.0,0.0,"Over the years, I've tried a variety of cases for the various models of Kindle and Fire tablet that I've purchased from Amazon. While I've found a few third party covers that have been durable and attractive, I found myself coming back to Amazon's own product when I purchased one of their new 7 Fire tablets, and I'm pleased with it.This is a very good quality cover, it fits well, and it provides support to the tablet both in landscape and portrait orientation. It's made of fabric on the outside, with a microfiber inner lining to protect the screen of the tablet when the cover is closed. It matches the color of the Fire tablet perfectly.My only hesitation in purchasing it was the price - the case all by itself is fully half the price of the Fire tablet! But I suppose that says more about how cheap the tablet is, than how expensive the case is (kind of).Still, I decided to spend the money for this case. The tablet needs the protection and I know from experience that Amazon's cases are durable and will last for a long time (I've used my original Kindle Paperwhite - first generation model - with case since it was first purchased).I'll post some photos of the cover to show how it is packaged and how it looks on the tablet. I'm very satisfied with it.",years ive tried variety cases various models kindle fire tablet ive purchased amazon ive found third party covers durable attractive found coming back amazons product purchased one new fire tablets im pleased itthis good quality cover fits well provides support tablet landscape portrait orientation made fabric outside microfiber inner lining protect screen tablet cover closed matches color fire tablet perfectlymy hesitation purchasing price case fully half price fire tablet suppose says cheap tablet expensive case kind ofstill decided spend money case tablet needs protection know experience amazons cases durable last long time ive used original kindle paperwhite first generation model case since first purchasedill post photos cover show packaged looks tablet im satisfied
"Amazon Devices,Kindle Store",2.0,1.0,"I typically don't post reviews however don't waste your money on this case. I got it on Friday and started using it that evening. Its now Thursday and the case is peeling at the edges, the fabric around the camera hole has started bubbling, and the felt on the inside edge is wearing off. i have not had any issues with it standing on its own like other people have mentioned. I am giving this a two star mainly because it is still functional. I am tempted to send it back but I like the functionality of this case.",typically dont post reviews however dont waste money case got friday started using evening thursday case peeling edges fabric around camera hole started bubbling felt inside edge wearing issues standing like people mentioned giving two star mainly still functional tempted send back like functionality case
"Amazon Devices,Kindle Store",5.0,0.0,All good A+,good
"Amazon Devices,Kindle Store",4.0,0.0,This case is very well made and sturdy. It perfectly matches the color of the tablet. I cannot figure out how to use the back as a stand. There is only one way it folds so it should not be that difficult. It does not work for me so I have given it a 4 star review.,case well made sturdy perfectly matches color tablet cannot figure use back stand one way folds difficult work given star review
"Amazon Devices,Kindle Store",4.0,0.0,It's pretty and matches my Fire tablet and I like that it's slim and doesn't add a lot of bulk to the tablet. It could be improved if it had a hand strap to make holding it easier but I bought a separate hand strap that fits with it.,pretty matches fire tablet like slim doesnt add lot bulk tablet could improved hand strap make holding easier bought separate hand strap fits
"Amazon Devices,Kindle Store",5.0,0.0,Great new Light Weight cover/case for my new Canary Yellow Kindle. I wanted the case to match my new Kindle. What a great choice. I am so happy with both the case the Kindle. So bright cheerful. Just like a sunny day.,great new light weight covercase new canary yellow kindle wanted case match new kindle great choice happy case kindle bright cheerful like sunny day
"Amazon Devices,Kindle Store",5.0,0.0,"This case is great - it's inexpensive, slim and very sturdy! I have another Kindle Fire that's a little bigger so the case is somewhat heavy and bulky. in comparison - this case is very lightweight yet still protective.",case great inexpensive slim sturdy another kindle fire thats little bigger case somewhat heavy bulky comparison case lightweight yet still protective
"Amazon Devices,Kindle Store",5.0,0.0,This is a great cover. It turns the device on and off by opening and closing and works as a great stand with it either vertical or horizontal. It also adds very little to the size or weight of the tablet. I absolutely recommend it!,great cover turns device opening closing works great stand either vertical horizontal also adds little size weight tablet absolutely recommend
"Amazon Devices,Kindle Store",5.0,0.0,I can read a lot longer without pain in my hands since the cover holds it for me. Very nice shade of blue.,read lot longer without pain hands since cover holds nice shade blue
"Amazon Devices,Kindle Store",5.0,0.0,Nice case that my daughter needed for her new kindle she earned. Nice and sturdy. Its actually better than I thought it would be and serves its purpose.,nice case daughter needed new kindle earned nice sturdy actually better thought would serves purpose
"Amazon Devices,Kindle Store",5.0,0.0,"All-New Amazon Fire 7 Tablet Case (7th Generation, 2017 Release), Charcoal BlackPerfect fit. I really like the case's simple clean design that lets you sit the tablet vertical and horizontal .",allnew amazon fire tablet case th generation release charcoal blackperfect fit really like cases simple clean design lets sit tablet vertical horizontal
"Amazon Devices,Kindle Store",5.0,0.0,works well with the amazon fire 7,works well amazon fire
"Amazon Devices,Kindle Store",1.0,1.0,"I bought this case at the same time I bought a new Fire tablet during Prime days. It was recommended on the tablet page, so I thought I was getting the right case. Well, it doesn't fit - not by a long shot. Then I realized the case was for a new Fire for 2017 (like mine) but 7th generation, not 8th. Since it does not fit, I now have to return it. And at my expense (arg!) I can't even exchange it for a new one because apparently Amazon does not make this case for the 8th generation Fire yet. You update one of your products, then release it, but you don't put out a case for it at the same time WTH Amazon When will you start selling Amazon cases for the Amazon Fire 8th generation I'm NOT happy with Amazon right now and am wondering whether I should keep the tablet if I can't get a case for it that has the vertical stand feature that the Amazon case has.",bought case time bought new fire tablet prime days recommended tablet page thought getting right case well doesnt fit long shot realized case new fire like mine th generation th since fit return expense arg cant even exchange new one apparently amazon make case th generation fire yet update one products release dont put case time wth amazon start selling amazon cases amazon fire th generation im happy amazon right wondering whether keep tablet cant get case vertical stand feature amazon case
"Amazon Devices,Kindle Store",5.0,0.0,Fits greatly with the device and easy to use. The fabric makes it look cool.,fits greatly device easy use fabric makes look cool
"Amazon Devices,Kindle Store",1.0,1.0,"Horrible cover for my new (third) Kindle!!! And it seems to be the only option for the Kindle Fire 7 (cover fits 7th generation). The back side of this cover folds like origami paper. It bends too many ways, is too lightweight, and won't prop up or stay propped up well. You can't stand it up to read on a table with any reliability. Forget it in a real wind or if it gets bumped.Amazon should have given us a choice between a sturdy cover with strong sides that don't bend all over and another, cuter, flimsier cover that can be bent as desired, like this one.Maggie",horrible cover new third kindle seems option kindle fire cover fits th generation back side cover folds like origami paper bends many ways lightweight wont prop stay propped well cant stand read table reliability forget real wind gets bumpedamazon given us choice sturdy cover strong sides dont bend another cuter flimsier cover bent desired like onemaggie
"Amazon Devices,Kindle Store",1.0,1.0,"Still not really in love with the new Kindle itself (on the fence about returning it), but this case is just horrid. It says it stands, it doesn't. It just collapses no matter position it's in. It's flimsy and scratchy and does just about nothing. Complete waste of money.",still really love new kindle fence returning case horrid says stands doesnt collapses matter position flimsy scratchy nothing complete waste money
"Amazon Devices,Kindle Store",5.0,0.0,"This is a great case! It allows access to all ports and camera, while not taking from the protection of the tablet itself. It feels very durable, and I think it would protect the Fire well against accidental drops, bumps and scratches. As a blind individual, touch is very important to me. This product feels well made. It feels expensive, and I'm certain looks the same. The standing feature is great, it stands well for movie viewing or apps that do better in landscape. This is a great accessory for the new Fire 7. I'm sure there will be other companies making cases for it. But this is how the folks at Amazon envisioned their device, and it is amazing! Don't be fooled in to buying a cheaper product. Amazon devices do best with amazon accessories.",great case allows access ports camera taking protection tablet feels durable think would protect fire well accidental drops bumps scratches blind individual touch important product feels well made feels expensive im certain looks standing feature great stands well movie viewing apps better landscape great accessory new fire im sure companies making cases folks amazon envisioned device amazing dont fooled buying cheaper product amazon devices best amazon accessories
"Amazon Devices,Kindle Store",1.0,1.0,"25 for a case for a product that costs 50. Typical scam from Amazon just a warning, in the process of returning both items seeing as the Fire 7 is a broken device. To transfer any data to it, you must restart replug the device for each file... even a 5 thumb drive can do more without an interface.",case product costs typical scam amazon warning process returning items seeing fire broken device transfer data must restart replug device file even thumb drive without interface
"Amazon Devices,Kindle Store",2.0,1.0,"This works as a case, and matches the color of the kindle nicely. The main feature I wanted was the stand, however. It is only one corner flap, as pictured. I incorrectly assumed there might be slightly more technology involved. There is no stop or anything to keep it from going completely flat backward. Starting out, my kindle would sit at a nice 70 degree or so angle from the table, but now my kindle will sit at maybe 30 degrees off the table. Eventually it will just go flat. I've had it for maybe 3 weeks. If the stand feature is important to you, get a different case.",works case matches color kindle nicely main feature wanted stand however one corner flap pictured incorrectly assumed might slightly technology involved stop anything keep going completely flat backward starting kindle would sit nice degree angle table kindle sit maybe degrees table eventually go flat ive maybe weeks stand feature important get different case
"Amazon Devices,Kindle Store",4.0,0.0,"I liked the case but unfortunately I purchased the wrong one for my Kindle, my fault. Amazon, as usual, there was no problem getting a refund.",liked case unfortunately purchased wrong one kindle fault amazon usual problem getting refund
"Amazon Devices,Kindle Store",5.0,0.0,"I'm loving my new Fire 7. I was looking for another Fire 6, and since it was not available and this 7 is only a little larger, comes in great colors, AND has Alexa - I was hooked and couldn't wait for it to arrive.",im loving new fire looking another fire since available little larger comes great colors alexa hooked couldnt wait arrive
"Amazon Devices,Kindle Store",2.0,1.0,"While this case fits a 7th Gen Fire perfectly, there is no comfortable way to hold it and it doesn't stand up on it's own for viewing. Returning to try another style",case fits th gen fire perfectly comfortable way hold doesnt stand viewing returning try another style
"Amazon Devices,Kindle Store",4.0,0.0,Good looking and works well. If you're having trouble standing it up vertically or horizontally check out Amazon's video (link below). My only slight quibble is that I find the Fire 7 slippery (it's fallen out of my hand) and I was hoping this case might have more of a grippy material.,good looking works well youre trouble standing vertically horizontally check amazons video link slight quibble find fire slippery fallen hand hoping case might grippy material
"Amazon Devices,Kindle Store",5.0,0.0,Fits beautifully - snug and sweet.,fits beautifully snug sweet
"Amazon Devices,Kindle Store",5.0,0.0,Love the color of the cas and seems to protect well. Loving this case.,love color cas seems protect well loving case
